create_time,bid,custom_track,campaign_id,group_id,job_id,publisher_id,ts
8f03185f-b541-11ef-9893-54e1adfb0c6e,1,qualified,1978,914,13158,90,2024-12-07 21:40:11
8f031e9e-b541-11ef-88c7-54e1adfb0c6e,1,unqualified,1721,960,13255,96,2024-12-08 05:32:42
8f032113-b541-11ef-ba13-54e1adfb0c6e,1,click,1533,567,16947,86,2024-12-08 05:15:03
8f032331-b541-11ef-8229-54e1adfb0c6e,1,conversion,1604,693,17454,67,2024-12-08 04:13:45
8f03251a-b541-11ef-9293-54e1adfb0c6e,1,unqualified,1616,906,17297,43,2024-12-08 14:49:48
8f0326e8-b541-11ef-b8ac-54e1adfb0c6e,1,unqualified,1774,691,15915,60,2024-12-08 06:59:11
8f03289f-b541-11ef-a8e4-54e1adfb0c6e,1,qualified,1180,913,11613,48,2024-12-08 10:04:18
8f032a54-b541-11ef-a41e-54e1adfb0c6e,0,unqualified,1525,998,10358,79,2024-12-07 22:30:14
8f032c06-b541-11ef-8a7c-54e1adfb0c6e,1,click,1383,623,12412,50,2024-12-08 00:51:43
8f032df5-b541-11ef-872f-54e1adfb0c6e,1,qualified,1742,963,19910,94,2024-12-07 18:25:04
8f033009-b541-11ef-9840-54e1adfb0c6e,0,unqualified,1848,911,11171,100,2024-12-08 07:42:09
8f0332ac-b541-11ef-89bd-54e1adfb0c6e,0,click,1590,748,12995,51,2024-12-08 07:55:36
8f0334ca-b541-11ef-891a-54e1adfb0c6e,1,qualified,1100,877,10283,80,2024-12-08 04:55:10
8f03367f-b541-11ef-9a6d-54e1adfb0c6e,1,conversion,1584,612,13207,52,2024-12-08 02:48:07
8f03381f-b541-11ef-a45d-54e1adfb0c6e,0,conversion,1699,876,18095,85,2024-12-08 06:53:51
8f0339c5-b541-11ef-a118-54e1adfb0c6e,1,click,1179,567,13530,65,2024-12-08 06:24:06
8f033b5e-b541-11ef-94ce-54e1adfb0c6e,0,conversion,1188,891,11651,29,2024-12-07 16:28:47
8f033d00-b541-11ef-bc77-54e1adfb0c6e,0,qualified,1318,976,18131,24,2024-12-08 13:13:56
8f033eae-b541-11ef-9b8a-54e1adfb0c6e,1,click,1806,708,13180,13,2024-12-08 09:03:41
8f034050-b541-11ef-9ad0-54e1adfb0c6e,0,conversion,1559,959,16827,70,2024-12-07 16:54:26
8f03421e-b541-11ef-94aa-54e1adfb0c6e,1,unqualified,1393,800,11773,24,2024-12-08 13:46:29
8f03443e-b541-11ef-b0ed-54e1adfb0c6e,1,unqualified,1334,914,10553,23,2024-12-07 21:27:07
8f034612-b541-11ef-8bbc-54e1adfb0c6e,1,qualified,1245,947,13133,6,2024-12-08 03:42:48
8f0347df-b541-11ef-b63b-54e1adfb0c6e,1,conversion,1861,919,19420,37,2024-12-08 11:18:45
8f0349ad-b541-11ef-a302-54e1adfb0c6e,0,unqualified,1034,744,19406,3,2024-12-07 18:42:31
8f034b66-b541-11ef-940e-54e1adfb0c6e,1,unqualified,1163,834,12614,53,2024-12-08 15:27:51
8f034d1a-b541-11ef-b24d-54e1adfb0c6e,0,qualified,1184,731,17483,62,2024-12-07 23:31:39
8f034edc-b541-11ef-bf93-54e1adfb0c6e,1,unqualified,1176,934,15337,88,2024-12-07 23:44:40
8f035093-b541-11ef-8f46-54e1adfb0c6e,1,click,1482,696,13326,83,2024-12-08 10:09:36
8f035264-b541-11ef-9a6a-54e1adfb0c6e,1,click,1878,819,16849,37,2024-12-08 10:33:44
8f035422-b541-11ef-ab5d-54e1adfb0c6e,0,click,1055,512,13654,19,2024-12-08 07:16:43
8f0355e6-b541-11ef-b1e3-54e1adfb0c6e,0,click,1185,595,17782,80,2024-12-07 18:40:23
8f03578e-b541-11ef-ba65-54e1adfb0c6e,0,conversion,1411,879,17835,41,2024-12-08 08:57:53
8f035943-b541-11ef-95b5-54e1adfb0c6e,1,qualified,1882,551,12451,49,2024-12-07 23:51:37
8f035b09-b541-11ef-aa07-54e1adfb0c6e,1,click,1936,856,16985,51,2024-12-08 07:52:27
8f035caa-b541-11ef-ada7-54e1adfb0c6e,1,conversion,1326,545,16869,92,2024-12-07 22:15:22
8f035e50-b541-11ef-9311-54e1adfb0c6e,0,qualified,1167,841,16605,18,2024-12-08 05:32:10
8f035ffe-b541-11ef-9a3f-54e1adfb0c6e,1,qualified,1454,693,19958,62,2024-12-08 01:14:06
8f0361cc-b541-11ef-99c5-54e1adfb0c6e,1,conversion,1704,532,19406,99,2024-12-07 23:33:13
8f03638d-b541-11ef-ae93-54e1adfb0c6e,1,qualified,1485,679,10916,74,2024-12-08 10:35:10
8f036597-b541-11ef-acaa-54e1adfb0c6e,0,qualified,1481,556,12407,72,2024-12-07 20:36:51
8f03677a-b541-11ef-9ea1-54e1adfb0c6e,0,unqualified,1638,995,16583,66,2024-12-08 10:48:36
8f036939-b541-11ef-9f92-54e1adfb0c6e,0,conversion,1590,702,15305,63,2024-12-08 07:54:58
8f036b3d-b541-11ef-9754-54e1adfb0c6e,0,unqualified,1268,580,16612,75,2024-12-08 04:32:48
8f036d1b-b541-11ef-b644-54e1adfb0c6e,1,conversion,1170,741,10000,92,2024-12-08 07:18:12
8f036eca-b541-11ef-9755-54e1adfb0c6e,0,conversion,1518,514,11613,70,2024-12-08 11:27:37
8f03707b-b541-11ef-81c0-54e1adfb0c6e,1,click,1747,782,18697,66,2024-12-08 03:32:35
8f03722e-b541-11ef-838f-54e1adfb0c6e,1,click,1768,733,19623,28,2024-12-07 22:26:03
8f0373de-b541-11ef-b66d-54e1adfb0c6e,1,conversion,1007,735,14929,93,2024-12-08 07:02:30
8f037588-b541-11ef-bea1-54e1adfb0c6e,1,qualified,1821,922,14169,4,2024-12-08 11:31:15
8f03774f-b541-11ef-8c5a-54e1adfb0c6e,1,unqualified,1100,504,11873,100,2024-12-08 12:23:37
8f037917-b541-11ef-93f1-54e1adfb0c6e,1,unqualified,1025,962,16840,77,2024-12-08 05:26:50
8f037abf-b541-11ef-a2c2-54e1adfb0c6e,1,qualified,1562,990,10148,65,2024-12-08 15:08:06
8f037c90-b541-11ef-9a0f-54e1adfb0c6e,0,click,1881,659,18736,12,2024-12-08 08:13:26
8f037e40-b541-11ef-aec2-54e1adfb0c6e,1,click,1432,865,15727,20,2024-12-08 02:50:52
8f037fe7-b541-11ef-8387-54e1adfb0c6e,1,conversion,1121,702,16288,9,2024-12-07 20:38:17
8f03818f-b541-11ef-9c95-54e1adfb0c6e,0,conversion,1766,568,15130,88,2024-12-08 00:57:50
8f038333-b541-11ef-b112-54e1adfb0c6e,0,unqualified,1629,757,12555,94,2024-12-08 05:47:27
8f038509-b541-11ef-bffc-54e1adfb0c6e,0,conversion,1627,510,16592,88,2024-12-08 11:43:26
8f038714-b541-11ef-8a92-54e1adfb0c6e,0,qualified,1682,876,10615,70,2024-12-08 04:13:02
8f0388f2-b541-11ef-a68a-54e1adfb0c6e,1,conversion,1556,568,16354,81,2024-12-08 11:00:07
8f038ab2-b541-11ef-bef8-54e1adfb0c6e,0,click,1087,931,17629,19,2024-12-08 00:38:55
8f038c8e-b541-11ef-96b0-54e1adfb0c6e,0,unqualified,1398,904,13641,65,2024-12-08 05:52:39
8f038e40-b541-11ef-8413-54e1adfb0c6e,1,qualified,1859,660,12987,37,2024-12-08 14:50:51
8f039015-b541-11ef-b4c1-54e1adfb0c6e,1,unqualified,1601,982,16010,72,2024-12-07 19:42:26
8f0391d4-b541-11ef-aa6f-54e1adfb0c6e,1,qualified,1143,723,19214,99,2024-12-08 11:20:05
8f0393b1-b541-11ef-abdd-54e1adfb0c6e,0,qualified,1036,687,18473,35,2024-12-08 10:49:41
8f039566-b541-11ef-b8a1-54e1adfb0c6e,1,qualified,1285,938,17097,13,2024-12-07 17:29:31
8f039706-b541-11ef-8d54-54e1adfb0c6e,0,click,1889,891,17598,44,2024-12-07 23:24:11
8f0398ac-b541-11ef-93e5-54e1adfb0c6e,0,unqualified,1821,764,14409,89,2024-12-07 18:49:06
8f039a80-b541-11ef-9b5a-54e1adfb0c6e,0,unqualified,1529,902,15433,26,2024-12-07 17:41:31
8f039d1d-b541-11ef-a972-54e1adfb0c6e,0,unqualified,1019,535,16768,88,2024-12-08 07:15:15
8f039eed-b541-11ef-98db-54e1adfb0c6e,0,conversion,1498,783,17875,94,2024-12-07 21:59:32
8f03a0a9-b541-11ef-9be0-54e1adfb0c6e,0,click,1340,905,19392,38,2024-12-08 09:16:32
8f03a27e-b541-11ef-832c-54e1adfb0c6e,0,unqualified,1553,702,16964,99,2024-12-08 09:33:31
8f03a448-b541-11ef-af51-54e1adfb0c6e,1,click,1105,609,19324,5,2024-12-08 15:25:56
8f03a5d5-b541-11ef-80cf-54e1adfb0c6e,0,click,1162,762,17352,98,2024-12-07 19:25:47
8f03a7ac-b541-11ef-984c-54e1adfb0c6e,0,unqualified,1799,746,15172,99,2024-12-08 00:11:35
8f03a9bc-b541-11ef-bb45-54e1adfb0c6e,0,click,1423,772,12591,81,2024-12-08 13:19:08
8f03ab9b-b541-11ef-8797-54e1adfb0c6e,0,qualified,1105,955,19818,11,2024-12-08 06:58:30
8f03ad40-b541-11ef-aa8d-54e1adfb0c6e,0,unqualified,1634,580,15727,66,2024-12-07 17:35:14
8f03aecf-b541-11ef-b7fd-54e1adfb0c6e,1,unqualified,1857,810,19158,10,2024-12-07 21:06:49
8f03b05a-b541-11ef-ad44-54e1adfb0c6e,0,qualified,1723,501,11401,69,2024-12-08 10:28:36
8f03b20e-b541-11ef-a47e-54e1adfb0c6e,0,click,1972,546,18154,18,2024-12-08 07:59:55
8f03b398-b541-11ef-8550-54e1adfb0c6e,0,conversion,1709,950,15683,51,2024-12-08 12:33:27
8f03b537-b541-11ef-8ad6-54e1adfb0c6e,0,conversion,1741,554,18474,9,2024-12-08 12:40:55
8f03b6ea-b541-11ef-a1b6-54e1adfb0c6e,0,qualified,1881,886,13028,47,2024-12-08 03:53:22
8f03b8a9-b541-11ef-81dd-54e1adfb0c6e,1,qualified,1685,991,10425,10,2024-12-08 08:01:33
8f03ba61-b541-11ef-805c-54e1adfb0c6e,1,unqualified,1987,786,16537,58,2024-12-07 16:45:32
8f03bc09-b541-11ef-908a-54e1adfb0c6e,0,qualified,1771,892,14367,48,2024-12-07 20:15:44
8f03bdad-b541-11ef-933d-54e1adfb0c6e,0,conversion,1607,780,18180,12,2024-12-08 04:46:31
8f03bf50-b541-11ef-92fd-54e1adfb0c6e,0,conversion,1309,691,15466,94,2024-12-07 20:57:32
8f03c0e1-b541-11ef-80e7-54e1adfb0c6e,1,qualified,1836,798,15138,8,2024-12-08 06:15:50
8f03c2ae-b541-11ef-9513-54e1adfb0c6e,1,click,1615,990,16898,28,2024-12-08 08:15:56
8f03c459-b541-11ef-8751-54e1adfb0c6e,0,conversion,1040,897,14998,96,2024-12-08 15:43:51
8f03c5f3-b541-11ef-be2d-54e1adfb0c6e,1,click,1217,945,10514,57,2024-12-08 02:30:08
8f03c7ba-b541-11ef-b940-54e1adfb0c6e,1,qualified,1552,514,10719,32,2024-12-08 15:36:40
8f03c958-b541-11ef-be0f-54e1adfb0c6e,0,conversion,1490,772,10149,40,2024-12-08 00:14:52
8f03cafe-b541-11ef-ac3d-54e1adfb0c6e,0,qualified,1497,805,16983,20,2024-12-08 04:11:58
8f03cd03-b541-11ef-8a4c-54e1adfb0c6e,1,qualified,1857,535,15363,69,2024-12-08 01:40:24
8f03ceec-b541-11ef-9444-54e1adfb0c6e,1,qualified,1183,594,12626,51,2024-12-08 09:31:36
8f03d0b0-b541-11ef-abb0-54e1adfb0c6e,1,unqualified,1790,720,17072,87,2024-12-08 12:44:02
8f03d27b-b541-11ef-9256-54e1adfb0c6e,1,unqualified,1240,543,18715,74,2024-12-08 08:19:23
8f03d49d-b541-11ef-a15c-54e1adfb0c6e,0,click,1101,905,15651,8,2024-12-08 04:51:09
8f03d6df-b541-11ef-8416-54e1adfb0c6e,0,qualified,1726,645,18150,90,2024-12-08 11:16:46
8f03d89a-b541-11ef-b307-54e1adfb0c6e,0,qualified,1860,514,15188,94,2024-12-07 17:31:13
8f03daa1-b541-11ef-9d77-54e1adfb0c6e,0,click,1181,538,17245,76,2024-12-07 18:32:03
8f03dccd-b541-11ef-918e-54e1adfb0c6e,1,click,1491,559,14852,6,2024-12-08 07:54:20
8f03de49-b541-11ef-b16a-54e1adfb0c6e,0,click,1967,836,10502,88,2024-12-07 18:22:03
8f03dfd6-b541-11ef-8518-54e1adfb0c6e,0,conversion,1334,733,14459,4,2024-12-07 20:38:22
8f03e151-b541-11ef-9eda-54e1adfb0c6e,1,unqualified,1479,510,11564,59,2024-12-08 04:49:10
8f03e2ba-b541-11ef-bf72-54e1adfb0c6e,0,click,1101,501,16479,72,2024-12-08 04:26:30
8f03e41b-b541-11ef-8456-54e1adfb0c6e,1,unqualified,1702,879,17519,26,2024-12-08 04:59:45
8f03e5ec-b541-11ef-8b55-54e1adfb0c6e,0,click,1980,693,15443,89,2024-12-07 20:31:38
8f03e7ea-b541-11ef-8ecf-54e1adfb0c6e,0,click,1251,861,17795,84,2024-12-08 13:09:52
8f03e9a7-b541-11ef-aa86-54e1adfb0c6e,1,click,1480,844,15657,71,2024-12-07 21:51:11
8f03eb4b-b541-11ef-bce9-54e1adfb0c6e,1,click,1912,983,11448,70,2024-12-08 09:14:41
8f03ed0d-b541-11ef-a099-54e1adfb0c6e,1,qualified,1988,999,18728,70,2024-12-08 09:46:28
8f03eed3-b541-11ef-8d66-54e1adfb0c6e,0,qualified,1775,589,13691,1,2024-12-08 04:44:14
8f03f064-b541-11ef-aae3-54e1adfb0c6e,0,conversion,1738,768,19341,35,2024-12-07 20:38:27
8f03f1ec-b541-11ef-b575-54e1adfb0c6e,0,conversion,1606,553,16209,42,2024-12-08 12:30:11
8f03f3b8-b541-11ef-bf2a-54e1adfb0c6e,0,conversion,1527,808,15015,18,2024-12-08 02:33:15
8f03f536-b541-11ef-a900-54e1adfb0c6e,1,qualified,1400,883,10686,80,2024-12-08 12:59:35
8f03f6b7-b541-11ef-8f9f-54e1adfb0c6e,1,unqualified,1713,614,19660,92,2024-12-08 13:05:16
8f03f83d-b541-11ef-aa9f-54e1adfb0c6e,1,conversion,1995,620,19094,91,2024-12-07 20:59:29
8f03f9e3-b541-11ef-b4f6-54e1adfb0c6e,0,qualified,1972,833,13982,99,2024-12-08 05:55:46
8f03fb7d-b541-11ef-b0f3-54e1adfb0c6e,1,unqualified,1487,690,17711,57,2024-12-07 22:59:21
8f03fd0e-b541-11ef-9ce7-54e1adfb0c6e,0,unqualified,1940,875,17077,64,2024-12-07 20:31:47
8f03fe96-b541-11ef-847c-54e1adfb0c6e,0,qualified,1339,987,12388,13,2024-12-08 10:11:49
8f040060-b541-11ef-abb0-54e1adfb0c6e,1,click,1212,587,14226,28,2024-12-08 13:26:35
8f0402ad-b541-11ef-b947-54e1adfb0c6e,0,click,1882,805,15998,13,2024-12-08 14:31:19
8f0404a4-b541-11ef-b05f-54e1adfb0c6e,0,unqualified,1715,857,16241,53,2024-12-08 00:28:19
8f040684-b541-11ef-b33a-54e1adfb0c6e,0,click,1580,744,12946,53,2024-12-08 11:24:01
8f040884-b541-11ef-91b1-54e1adfb0c6e,1,click,1856,860,19143,94,2024-12-08 00:02:46
8f040a73-b541-11ef-950e-54e1adfb0c6e,1,conversion,1436,599,16583,42,2024-12-07 18:59:09
8f040c6b-b541-11ef-9419-54e1adfb0c6e,1,click,1282,727,18380,57,2024-12-08 08:25:15
8f040e49-b541-11ef-adb0-54e1adfb0c6e,1,click,1200,539,13003,28,2024-12-08 14:58:10
8f041035-b541-11ef-b9b0-54e1adfb0c6e,0,qualified,1301,586,15682,2,2024-12-08 08:14:26
8f041243-b541-11ef-877c-54e1adfb0c6e,1,click,1455,546,18227,5,2024-12-08 06:53:29
8f041434-b541-11ef-be0e-54e1adfb0c6e,1,qualified,1792,837,18349,74,2024-12-07 21:45:25
8f041615-b541-11ef-ae95-54e1adfb0c6e,0,click,1966,772,11669,96,2024-12-08 03:50:01
8f04183b-b541-11ef-b4bf-54e1adfb0c6e,1,qualified,1614,846,12913,6,2024-12-08 13:19:57
8f0419eb-b541-11ef-9a39-54e1adfb0c6e,0,unqualified,1793,859,16935,55,2024-12-07 19:31:41
8f041b80-b541-11ef-99e7-54e1adfb0c6e,0,click,1016,894,10856,51,2024-12-08 07:22:44
8f041c4d-b541-11ef-b426-54e1adfb0c6e,0,qualified,1475,786,18199,70,2024-12-08 15:11:52
8f041d0d-b541-11ef-bef2-54e1adfb0c6e,1,conversion,1233,634,17002,80,2024-12-08 15:21:14
8f041e22-b541-11ef-bf08-54e1adfb0c6e,1,qualified,1873,990,15808,58,2024-12-08 14:25:21
8f043348-b541-11ef-9e4e-54e1adfb0c6e,0,qualified,1783,762,10030,75,2024-12-07 16:40:25
8f043444-b541-11ef-964c-54e1adfb0c6e,1,qualified,1449,812,19945,38,2024-12-08 14:46:00
8f043512-b541-11ef-af96-54e1adfb0c6e,0,click,1453,634,15651,91,2024-12-08 02:35:35
8f0435c8-b541-11ef-bfb7-54e1adfb0c6e,1,unqualified,1790,664,19415,54,2024-12-08 00:35:14
8f0436bd-b541-11ef-b578-54e1adfb0c6e,0,conversion,1239,598,16866,74,2024-12-08 10:55:11
8f04376d-b541-11ef-91ce-54e1adfb0c6e,1,qualified,1237,668,14397,62,2024-12-08 05:09:50
8f043816-b541-11ef-b9da-54e1adfb0c6e,0,click,1793,754,12731,1,2024-12-08 02:06:55
8f0438c0-b541-11ef-b957-54e1adfb0c6e,0,qualified,1798,732,19662,84,2024-12-08 13:37:07
8f04396a-b541-11ef-9d01-54e1adfb0c6e,0,conversion,1954,848,18501,24,2024-12-07 20:57:00
8f043a21-b541-11ef-9228-54e1adfb0c6e,1,qualified,1287,981,16457,80,2024-12-07 19:56:15
8f043ac5-b541-11ef-8058-54e1adfb0c6e,0,click,1540,545,15013,45,2024-12-07 22:45:47
8f043b92-b541-11ef-a65f-54e1adfb0c6e,0,click,1789,979,11363,81,2024-12-07 22:46:52
8f043c40-b541-11ef-90f0-54e1adfb0c6e,0,conversion,1153,589,12767,14,2024-12-07 20:18:54
8f043cea-b541-11ef-85dc-54e1adfb0c6e,1,qualified,1421,631,14795,90,2024-12-08 03:56:46
8f043d94-b541-11ef-9276-54e1adfb0c6e,0,qualified,1645,503,17034,63,2024-12-07 21:22:42
8f043e3c-b541-11ef-93b5-54e1adfb0c6e,0,conversion,1485,801,19041,65,2024-12-08 09:38:37
8f043ee7-b541-11ef-8631-54e1adfb0c6e,1,conversion,1647,928,11479,50,2024-12-08 08:07:16
8f043f98-b541-11ef-a855-54e1adfb0c6e,0,qualified,1618,827,15972,26,2024-12-07 18:55:15
8f044042-b541-11ef-b961-54e1adfb0c6e,0,click,1972,813,10510,95,2024-12-08 10:14:30
8f044104-b541-11ef-bfc1-54e1adfb0c6e,1,unqualified,1663,766,17227,21,2024-12-08 10:17:22
8f0441af-b541-11ef-b1d0-54e1adfb0c6e,0,conversion,1225,500,14661,32,2024-12-08 11:07:26
8f04425a-b541-11ef-823d-54e1adfb0c6e,0,conversion,1014,526,12424,20,2024-12-08 09:16:39
8f044303-b541-11ef-839b-54e1adfb0c6e,1,qualified,1970,803,12566,24,2024-12-08 07:15:34
8f0443ae-b541-11ef-bb9a-54e1adfb0c6e,1,qualified,1996,827,17974,95,2024-12-08 12:19:30
8f044458-b541-11ef-a7ff-54e1adfb0c6e,0,qualified,1321,863,11012,80,2024-12-08 08:00:00
8f044502-b541-11ef-b27a-54e1adfb0c6e,1,unqualified,1396,952,17191,15,2024-12-08 11:07:55
8f0445c9-b541-11ef-aba3-54e1adfb0c6e,1,qualified,1980,940,19863,49,2024-12-08 01:40:53
8f044675-b541-11ef-b67d-54e1adfb0c6e,0,unqualified,1076,720,19947,99,2024-12-08 02:16:52
8f04471f-b541-11ef-86b8-54e1adfb0c6e,1,unqualified,1260,850,13842,88,2024-12-08 03:59:56
8f0447c4-b541-11ef-8e19-54e1adfb0c6e,1,qualified,1177,958,12667,86,2024-12-08 00:53:51
8f04486c-b541-11ef-87a9-54e1adfb0c6e,0,qualified,1866,815,11849,28,2024-12-08 06:10:36
8f044926-b541-11ef-a8b9-54e1adfb0c6e,1,click,1579,869,16918,34,2024-12-08 11:23:58
8f0449d4-b541-11ef-ac7d-54e1adfb0c6e,1,unqualified,1504,939,15852,79,2024-12-07 22:11:51
8f044a79-b541-11ef-85e5-54e1adfb0c6e,1,unqualified,1761,888,14437,92,2024-12-07 20:42:08
8f044b29-b541-11ef-83d9-54e1adfb0c6e,1,click,1728,785,18763,40,2024-12-07 21:09:27
8f044bd1-b541-11ef-b77e-54e1adfb0c6e,0,qualified,1523,982,11238,81,2024-12-08 01:59:52
8f044c80-b541-11ef-aa85-54e1adfb0c6e,1,qualified,1789,780,12145,12,2024-12-08 15:11:24
8f044d29-b541-11ef-9114-54e1adfb0c6e,1,qualified,1503,747,13569,12,2024-12-08 13:05:15
8f044dcf-b541-11ef-b153-54e1adfb0c6e,1,click,1497,640,14360,93,2024-12-07 17:42:02
8f044e76-b541-11ef-a991-54e1adfb0c6e,0,unqualified,1650,823,10122,66,2024-12-08 05:43:22
8f044f22-b541-11ef-a0f2-54e1adfb0c6e,1,conversion,1406,989,10772,83,2024-12-07 17:14:36
8f044fcc-b541-11ef-b781-54e1adfb0c6e,1,click,1614,718,17564,12,2024-12-08 06:54:42
8f045078-b541-11ef-af98-54e1adfb0c6e,1,conversion,1923,804,18444,61,2024-12-08 13:41:21
8f045129-b541-11ef-a8f9-54e1adfb0c6e,0,conversion,1331,835,10415,67,2024-12-07 17:20:21
8f0451d9-b541-11ef-81e2-54e1adfb0c6e,0,click,1898,623,10123,14,2024-12-07 21:36:36
8f04528e-b541-11ef-bde6-54e1adfb0c6e,0,unqualified,1616,577,18072,10,2024-12-07 22:36:13
8f045368-b541-11ef-8106-54e1adfb0c6e,1,conversion,1911,515,13404,63,2024-12-08 04:21:07
8f04542e-b541-11ef-a409-54e1adfb0c6e,1,click,1635,673,10185,88,2024-12-07 23:55:54
8f0454ef-b541-11ef-b19d-54e1adfb0c6e,0,unqualified,1730,930,16903,37,2024-12-07 17:19:48
8f0455a3-b541-11ef-bbc4-54e1adfb0c6e,0,qualified,1079,609,10013,67,2024-12-07 18:08:35
8f045673-b541-11ef-9c55-54e1adfb0c6e,1,unqualified,1365,990,14213,69,2024-12-08 10:47:49
8f045731-b541-11ef-b048-54e1adfb0c6e,0,conversion,1421,869,13877,36,2024-12-07 22:05:03
8f0457fa-b541-11ef-b08f-54e1adfb0c6e,1,click,1841,515,11671,24,2024-12-07 23:39:43
8f045903-b541-11ef-9cc6-54e1adfb0c6e,1,qualified,1878,851,13957,46,2024-12-07 18:24:35
8f0459cf-b541-11ef-ba12-54e1adfb0c6e,1,click,1545,808,16841,53,2024-12-08 07:27:56
8f045b45-b541-11ef-b688-54e1adfb0c6e,1,conversion,1580,847,14216,12,2024-12-08 02:11:12
8f045d38-b541-11ef-bcaf-54e1adfb0c6e,0,conversion,1536,902,19672,86,2024-12-08 15:35:25
8f045e91-b541-11ef-82c2-54e1adfb0c6e,0,conversion,1513,961,13205,54,2024-12-07 23:57:32
8f046086-b541-11ef-b8d3-54e1adfb0c6e,1,conversion,1551,842,10147,54,2024-12-07 23:50:56
8f0462d4-b541-11ef-a8b4-54e1adfb0c6e,1,unqualified,1499,894,13527,9,2024-12-08 15:13:21
8f046493-b541-11ef-877f-54e1adfb0c6e,0,conversion,1683,622,12220,90,2024-12-08 05:13:38
8f04661d-b541-11ef-93ad-54e1adfb0c6e,0,click,1824,819,18158,17,2024-12-08 01:31:21
8f0467ae-b541-11ef-95a1-54e1adfb0c6e,0,unqualified,1596,596,10048,59,2024-12-07 21:04:41
8f04697b-b541-11ef-8d65-54e1adfb0c6e,0,unqualified,1182,500,16487,70,2024-12-08 04:12:31
8f046b2c-b541-11ef-be46-54e1adfb0c6e,1,qualified,1028,822,12133,46,2024-12-08 15:11:35
8f046ca8-b541-11ef-888a-54e1adfb0c6e,0,unqualified,1759,563,11588,33,2024-12-07 20:07:37
8f046e45-b541-11ef-843c-54e1adfb0c6e,0,qualified,1435,608,19718,15,2024-12-07 20:34:39
8f046ff3-b541-11ef-9695-54e1adfb0c6e,0,qualified,1340,785,19374,27,2024-12-08 02:00:31
8f04719a-b541-11ef-b70e-54e1adfb0c6e,1,qualified,1953,736,18042,95,2024-12-08 15:46:58
8f04737a-b541-11ef-8378-54e1adfb0c6e,1,click,1549,523,12087,42,2024-12-07 20:02:29
8f04756c-b541-11ef-a475-54e1adfb0c6e,0,click,1176,935,10955,30,2024-12-08 06:37:32
8f04770f-b541-11ef-88b1-54e1adfb0c6e,0,conversion,1002,781,14872,89,2024-12-07 15:55:06
8f047858-b541-11ef-ab03-54e1adfb0c6e,1,click,1225,632,18763,99,2024-12-07 20:50:00
8f047992-b541-11ef-9aad-54e1adfb0c6e,1,click,1385,858,11943,86,2024-12-07 18:35:54
8f047ac2-b541-11ef-950e-54e1adfb0c6e,0,conversion,1626,733,17042,42,2024-12-07 21:54:57
8f047c12-b541-11ef-8b01-54e1adfb0c6e,1,click,1238,581,18770,74,2024-12-07 20:12:53
8f047d73-b541-11ef-99a5-54e1adfb0c6e,1,conversion,1345,879,10018,30,2024-12-07 20:03:45
8f047ed2-b541-11ef-b7a2-54e1adfb0c6e,1,qualified,1412,834,13263,75,2024-12-08 10:45:57
8f04800e-b541-11ef-b85a-54e1adfb0c6e,1,unqualified,1757,851,14580,69,2024-12-08 12:46:54
8f04816a-b541-11ef-8db5-54e1adfb0c6e,0,click,1909,578,10374,92,2024-12-08 04:35:28
8f048309-b541-11ef-a9f0-54e1adfb0c6e,1,conversion,1155,986,13233,66,2024-12-08 03:42:31
8f0484d1-b541-11ef-99e6-54e1adfb0c6e,0,click,1277,804,18695,92,2024-12-07 15:57:04
8f048672-b541-11ef-9ec6-54e1adfb0c6e,0,qualified,1749,553,12734,69,2024-12-07 18:03:17
8f0487ef-b541-11ef-9ebc-54e1adfb0c6e,0,unqualified,1162,816,12523,83,2024-12-08 12:16:28
8f04895c-b541-11ef-92b8-54e1adfb0c6e,1,click,1037,514,15902,33,2024-12-07 22:31:40
8f048ac8-b541-11ef-9119-54e1adfb0c6e,1,unqualified,1204,635,10967,100,2024-12-08 04:54:10
8f048c6b-b541-11ef-afcb-54e1adfb0c6e,0,qualified,1636,978,13936,12,2024-12-08 13:03:32
8f048dfb-b541-11ef-ab4b-54e1adfb0c6e,0,qualified,1638,838,10806,26,2024-12-08 14:34:39
8f04902c-b541-11ef-8749-54e1adfb0c6e,0,qualified,1687,875,19537,88,2024-12-08 08:06:41
8f0491e5-b541-11ef-89a7-54e1adfb0c6e,1,unqualified,1450,529,13362,61,2024-12-08 13:04:43
8f049373-b541-11ef-92eb-54e1adfb0c6e,1,unqualified,1498,802,10918,63,2024-12-08 04:47:11
8f0494eb-b541-11ef-a4b0-54e1adfb0c6e,0,click,1889,765,19544,35,2024-12-07 19:33:50
8f04966b-b541-11ef-b775-54e1adfb0c6e,0,qualified,1469,680,10367,84,2024-12-08 03:27:05
8f0497e3-b541-11ef-ba1d-54e1adfb0c6e,1,unqualified,1271,541,11626,21,2024-12-07 21:51:20
8f049978-b541-11ef-a871-54e1adfb0c6e,0,unqualified,1073,510,14651,16,2024-12-08 02:04:52
8f049b20-b541-11ef-96d8-54e1adfb0c6e,1,unqualified,1485,738,15973,83,2024-12-08 06:15:32
8f049cc6-b541-11ef-b45f-54e1adfb0c6e,1,qualified,1206,827,12315,3,2024-12-08 04:29:59
8f049e70-b541-11ef-b007-54e1adfb0c6e,1,unqualified,1679,639,14255,63,2024-12-08 09:37:41
8f04a003-b541-11ef-afeb-54e1adfb0c6e,0,qualified,1242,924,14519,35,2024-12-07 19:57:45
8f04a196-b541-11ef-96e2-54e1adfb0c6e,1,conversion,1917,539,10497,56,2024-12-08 03:26:19
8f04a344-b541-11ef-8bb7-54e1adfb0c6e,1,unqualified,1973,927,13991,17,2024-12-08 11:02:20
8f04a500-b541-11ef-8bd9-54e1adfb0c6e,0,conversion,1568,634,19838,83,2024-12-07 21:31:10
8f04a6ad-b541-11ef-8dcd-54e1adfb0c6e,1,click,1030,985,14301,47,2024-12-07 18:18:11
8f04a851-b541-11ef-b63e-54e1adfb0c6e,1,unqualified,1407,513,14126,81,2024-12-07 19:55:54
8f04a9f1-b541-11ef-93dc-54e1adfb0c6e,1,click,1968,722,11483,79,2024-12-08 08:55:26
8f04ab7c-b541-11ef-a0c0-54e1adfb0c6e,0,unqualified,1988,675,10694,13,2024-12-07 15:59:40
8f04acfc-b541-11ef-88b2-54e1adfb0c6e,0,qualified,1706,684,11413,47,2024-12-08 14:21:11
8f04ae8a-b541-11ef-a60d-54e1adfb0c6e,1,unqualified,1143,801,14876,36,2024-12-07 19:22:25
8f04aff6-b541-11ef-9939-54e1adfb0c6e,0,click,1835,798,12147,98,2024-12-08 14:41:45
8f04b1b2-b541-11ef-9dae-54e1adfb0c6e,0,unqualified,1073,719,14284,18,2024-12-08 12:10:06
8f04b347-b541-11ef-93a1-54e1adfb0c6e,0,click,1668,975,17804,68,2024-12-08 05:45:58
8f04b4cc-b541-11ef-be3f-54e1adfb0c6e,1,conversion,1458,838,13118,84,2024-12-08 05:52:47
8f04b669-b541-11ef-a2cc-54e1adfb0c6e,0,qualified,1217,935,12631,77,2024-12-07 20:27:24
8f04b7fa-b541-11ef-aca3-54e1adfb0c6e,1,unqualified,1103,729,14885,12,2024-12-07 17:53:57
8f04b99e-b541-11ef-a18e-54e1adfb0c6e,0,click,1706,903,15979,32,2024-12-08 14:08:27
8f04bb48-b541-11ef-a177-54e1adfb0c6e,0,conversion,1372,654,17926,35,2024-12-07 16:23:41
8f04bccf-b541-11ef-a60f-54e1adfb0c6e,0,unqualified,1980,796,17918,7,2024-12-08 10:21:16
8f04be51-b541-11ef-93c4-54e1adfb0c6e,0,qualified,1670,954,13831,45,2024-12-08 08:06:17
8f04c039-b541-11ef-9fa3-54e1adfb0c6e,0,unqualified,1727,803,11505,65,2024-12-08 06:44:22
8f04c1cd-b541-11ef-9ebe-54e1adfb0c6e,0,click,1054,666,12441,66,2024-12-08 03:38:16
8f04c365-b541-11ef-a49c-54e1adfb0c6e,1,conversion,1071,929,10552,91,2024-12-08 09:36:15
8f04c531-b541-11ef-b144-54e1adfb0c6e,1,conversion,1560,798,12562,80,2024-12-07 21:39:08
8f04c6e7-b541-11ef-9e9d-54e1adfb0c6e,0,qualified,1478,837,14938,65,2024-12-07 16:26:58
8f04c888-b541-11ef-944e-54e1adfb0c6e,1,qualified,1668,659,15890,90,2024-12-08 14:16:03
8f04ca1d-b541-11ef-821e-54e1adfb0c6e,0,conversion,1304,991,13785,76,2024-12-08 11:46:42
8f04cb9f-b541-11ef-b9e2-54e1adfb0c6e,0,click,1906,666,10888,78,2024-12-08 00:05:37
8f04cd40-b541-11ef-88eb-54e1adfb0c6e,0,unqualified,1985,649,18920,56,2024-12-08 14:29:18
8f04ced0-b541-11ef-8709-54e1adfb0c6e,1,unqualified,1042,503,13761,40,2024-12-08 12:54:05
8f04d0bb-b541-11ef-a8f3-54e1adfb0c6e,0,unqualified,1179,630,16828,49,2024-12-07 22:22:15
8f04d27c-b541-11ef-9ee8-54e1adfb0c6e,1,qualified,1037,695,13975,10,2024-12-07 19:54:31
8f04d42d-b541-11ef-8047-54e1adfb0c6e,0,qualified,1511,809,15837,22,2024-12-07 19:41:41
8f04d663-b541-11ef-b1d1-54e1adfb0c6e,1,click,1740,724,17456,49,2024-12-08 13:03:32
8f04d806-b541-11ef-b82f-54e1adfb0c6e,0,conversion,1509,740,11037,64,2024-12-07 22:19:33
8f04d9f8-b541-11ef-9877-54e1adfb0c6e,1,conversion,1164,925,18112,76,2024-12-08 03:18:40
8f04db8c-b541-11ef-be02-54e1adfb0c6e,0,click,1888,854,19600,9,2024-12-08 09:01:40
8f04dd2b-b541-11ef-b6d9-54e1adfb0c6e,0,qualified,1310,605,13615,59,2024-12-08 02:37:40
8f04dea5-b541-11ef-9b01-54e1adfb0c6e,0,unqualified,1757,924,11247,14,2024-12-08 11:59:05
8f04dfeb-b541-11ef-90ad-54e1adfb0c6e,1,conversion,1924,527,12403,71,2024-12-08 15:20:42
8f04e1d9-b541-11ef-a972-54e1adfb0c6e,1,click,1310,540,15069,76,2024-12-07 17:20:22
8f04e385-b541-11ef-b859-54e1adfb0c6e,1,conversion,1782,591,14213,88,2024-12-07 20:38:48
8f04e4dc-b541-11ef-b11e-54e1adfb0c6e,0,conversion,1367,579,12906,81,2024-12-08 07:16:21
8f04e637-b541-11ef-8b59-54e1adfb0c6e,1,conversion,1441,639,13036,27,2024-12-08 15:33:59
8f04e799-b541-11ef-b23f-54e1adfb0c6e,0,click,1577,910,19624,97,2024-12-08 13:44:22
8f04e900-b541-11ef-b2f3-54e1adfb0c6e,1,click,1755,911,17699,6,2024-12-07 20:28:16
8f04ea6f-b541-11ef-9cc5-54e1adfb0c6e,1,click,1879,590,13528,5,2024-12-07 16:45:48
8f04ebea-b541-11ef-be69-54e1adfb0c6e,1,unqualified,1356,742,10867,53,2024-12-08 03:47:43
8f04ed54-b541-11ef-bb21-54e1adfb0c6e,0,unqualified,1198,518,15601,51,2024-12-08 03:52:00
8f04ef0a-b541-11ef-8862-54e1adfb0c6e,0,click,1332,751,10985,71,2024-12-07 23:26:37
8f04f089-b541-11ef-87de-54e1adfb0c6e,1,click,1879,553,10032,48,2024-12-07 22:33:33
8f04f1ca-b541-11ef-8070-54e1adfb0c6e,0,conversion,1844,565,13952,97,2024-12-08 10:23:17
8f04f30b-b541-11ef-a8e2-54e1adfb0c6e,1,click,1553,624,16495,95,2024-12-08 15:27:43
8f04f440-b541-11ef-9883-54e1adfb0c6e,0,unqualified,1371,770,15738,24,2024-12-08 08:14:19
8f04f57c-b541-11ef-b537-54e1adfb0c6e,1,qualified,1422,777,15833,63,2024-12-07 21:15:51
8f04f6a7-b541-11ef-8ee4-54e1adfb0c6e,0,unqualified,1587,939,12930,73,2024-12-08 08:43:29
8f04f7e9-b541-11ef-945b-54e1adfb0c6e,1,unqualified,1189,994,13372,67,2024-12-07 19:52:53
8f04f935-b541-11ef-8f72-54e1adfb0c6e,1,qualified,1725,725,12059,13,2024-12-08 04:05:27
8f04fa6c-b541-11ef-b392-54e1adfb0c6e,1,unqualified,1758,734,10400,95,2024-12-07 19:01:38
8f04fbaa-b541-11ef-a5f8-54e1adfb0c6e,0,conversion,1918,758,17355,50,2024-12-08 02:59:39
8f04fd0e-b541-11ef-8172-54e1adfb0c6e,0,unqualified,1299,748,16549,35,2024-12-07 22:19:29
8f04fe33-b541-11ef-b707-54e1adfb0c6e,0,conversion,1834,886,15079,35,2024-12-07 22:36:48
8f04ff69-b541-11ef-8f64-54e1adfb0c6e,1,qualified,1824,502,13331,59,2024-12-08 07:52:15
8f0500b4-b541-11ef-a318-54e1adfb0c6e,0,click,1622,546,11831,46,2024-12-07 17:27:57
8f0501fa-b541-11ef-909a-54e1adfb0c6e,1,qualified,1736,646,13373,95,2024-12-07 20:30:51
8f050324-b541-11ef-b87b-54e1adfb0c6e,0,conversion,1626,772,12214,87,2024-12-07 22:17:58
8f050456-b541-11ef-a62b-54e1adfb0c6e,0,click,1265,726,10793,85,2024-12-08 09:45:52
8f050633-b541-11ef-953e-54e1adfb0c6e,0,unqualified,1251,654,19006,64,2024-12-08 12:10:29
8f050756-b541-11ef-a755-54e1adfb0c6e,0,conversion,1179,505,10242,85,2024-12-07 17:19:08
8f05085e-b541-11ef-a1f1-54e1adfb0c6e,0,conversion,1931,887,17739,9,2024-12-08 07:49:38
8f05091b-b541-11ef-a113-54e1adfb0c6e,0,conversion,1691,543,11543,10,2024-12-08 11:05:47
8f0509c9-b541-11ef-bd21-54e1adfb0c6e,1,unqualified,1699,513,12339,4,2024-12-08 05:19:41
8f050a73-b541-11ef-a09b-54e1adfb0c6e,0,click,1461,835,14536,34,2024-12-07 20:11:12
8f050b55-b541-11ef-8f6e-54e1adfb0c6e,1,unqualified,1286,943,18329,42,2024-12-08 08:40:50
8f050d08-b541-11ef-adf7-54e1adfb0c6e,0,click,1777,839,18828,27,2024-12-08 06:56:54
8f050f02-b541-11ef-8be1-54e1adfb0c6e,0,conversion,1678,797,11835,77,2024-12-08 11:28:26
8f0510bd-b541-11ef-acd7-54e1adfb0c6e,1,unqualified,1464,580,19277,75,2024-12-08 08:22:45
8f0512d4-b541-11ef-9132-54e1adfb0c6e,1,conversion,1562,745,14885,89,2024-12-08 12:45:29
8f0514d9-b541-11ef-b4a6-54e1adfb0c6e,0,unqualified,1627,778,19343,87,2024-12-08 13:23:45
8f0516c2-b541-11ef-bf0b-54e1adfb0c6e,0,unqualified,1696,854,11629,59,2024-12-08 01:25:36
8f05186b-b541-11ef-a375-54e1adfb0c6e,1,click,1916,621,19813,11,2024-12-07 18:33:20
8f051a3e-b541-11ef-8636-54e1adfb0c6e,0,click,1983,974,13338,70,2024-12-07 21:23:32
8f051c17-b541-11ef-a5d6-54e1adfb0c6e,0,conversion,1667,506,12216,15,2024-12-08 10:02:22
8f051d7d-b541-11ef-b52b-54e1adfb0c6e,1,conversion,1603,902,17471,36,2024-12-07 20:53:42
8f051e4b-b541-11ef-8a48-54e1adfb0c6e,1,conversion,1119,946,13430,50,2024-12-07 20:34:50
8f051f02-b541-11ef-b0d8-54e1adfb0c6e,1,qualified,1306,751,12362,35,2024-12-08 14:37:00
8f051fb3-b541-11ef-916a-54e1adfb0c6e,1,unqualified,1533,768,10767,23,2024-12-08 02:15:27
8f052063-b541-11ef-a05b-54e1adfb0c6e,1,unqualified,1675,712,16028,42,2024-12-07 19:52:16
8f052177-b541-11ef-8d63-54e1adfb0c6e,1,click,1170,980,16689,36,2024-12-08 11:19:42
8f05240f-b541-11ef-8cb9-54e1adfb0c6e,1,unqualified,1149,693,17000,57,2024-12-08 02:56:50
8f052654-b541-11ef-916c-54e1adfb0c6e,0,click,1878,567,10571,19,2024-12-07 22:42:40
8f052820-b541-11ef-8910-54e1adfb0c6e,0,unqualified,1452,911,10083,93,2024-12-08 08:25:44
8f0529c4-b541-11ef-96e4-54e1adfb0c6e,0,unqualified,1705,713,13162,52,2024-12-08 01:27:32
8f052b6c-b541-11ef-87ed-54e1adfb0c6e,0,click,1712,964,11758,75,2024-12-08 13:32:24
8f052cb7-b541-11ef-a35d-54e1adfb0c6e,1,click,1104,999,12464,64,2024-12-07 23:27:22
8f052df5-b541-11ef-b99f-54e1adfb0c6e,1,click,1183,985,19231,14,2024-12-08 12:55:32
8f052f85-b541-11ef-8d4b-54e1adfb0c6e,0,conversion,1388,696,14972,74,2024-12-08 14:09:34
8f05310a-b541-11ef-ac00-54e1adfb0c6e,0,unqualified,1352,768,18457,25,2024-12-07 22:14:52
8f05324f-b541-11ef-9a7c-54e1adfb0c6e,1,conversion,1769,737,13040,7,2024-12-08 13:34:10
8f05338f-b541-11ef-a652-54e1adfb0c6e,1,conversion,1802,744,17895,48,2024-12-07 22:18:56
8f0534e0-b541-11ef-8c93-54e1adfb0c6e,0,click,1660,518,14950,31,2024-12-07 19:58:05
8f053631-b541-11ef-bb3a-54e1adfb0c6e,1,click,1265,942,16890,5,2024-12-08 11:47:16
8f053776-b541-11ef-9fb3-54e1adfb0c6e,0,unqualified,1676,993,14757,86,2024-12-07 17:43:12
8f0538be-b541-11ef-8407-54e1adfb0c6e,1,unqualified,1243,575,11203,21,2024-12-08 00:16:34
8f053a0e-b541-11ef-a5b4-54e1adfb0c6e,0,unqualified,1542,647,14704,9,2024-12-08 10:06:43
8f053b48-b541-11ef-bc3b-54e1adfb0c6e,1,conversion,1223,584,12888,20,2024-12-07 20:37:47
8f053c70-b541-11ef-b3c5-54e1adfb0c6e,1,conversion,1627,752,17095,18,2024-12-08 07:28:57
8f053d83-b541-11ef-ab1a-54e1adfb0c6e,1,qualified,1599,696,13875,47,2024-12-08 08:59:40
8f053f3a-b541-11ef-a61c-54e1adfb0c6e,0,click,1468,895,16940,55,2024-12-08 01:52:25
8f054084-b541-11ef-ad36-54e1adfb0c6e,0,unqualified,1892,692,19294,92,2024-12-08 11:22:28
8f0541e4-b541-11ef-9c69-54e1adfb0c6e,0,qualified,1390,631,16775,20,2024-12-08 01:02:13
8f054320-b541-11ef-a3bc-54e1adfb0c6e,0,conversion,1950,723,18468,67,2024-12-08 03:58:03
8f0544ca-b541-11ef-8217-54e1adfb0c6e,1,unqualified,1581,955,14100,60,2024-12-07 20:24:28
8f05463a-b541-11ef-b2a8-54e1adfb0c6e,0,conversion,1076,825,18286,96,2024-12-07 19:38:00
8f0547b6-b541-11ef-9d1a-54e1adfb0c6e,1,qualified,1709,534,10186,89,2024-12-08 02:59:08
8f0548ee-b541-11ef-a368-54e1adfb0c6e,1,unqualified,1825,539,12110,25,2024-12-08 11:05:10
8f054a42-b541-11ef-ac05-54e1adfb0c6e,0,click,1652,604,15260,85,2024-12-08 06:59:09
8f054b6f-b541-11ef-aa33-54e1adfb0c6e,1,conversion,1953,630,17208,14,2024-12-08 11:18:48
8f054ce3-b541-11ef-bf80-54e1adfb0c6e,1,click,1167,664,19202,15,2024-12-08 09:41:19
8f054e27-b541-11ef-85c0-54e1adfb0c6e,0,unqualified,1489,836,19748,20,2024-12-08 07:13:54
8f054f5f-b541-11ef-abe2-54e1adfb0c6e,1,click,1605,607,13950,74,2024-12-08 01:59:37
8f0550e4-b541-11ef-bc79-54e1adfb0c6e,1,unqualified,1943,914,19402,3,2024-12-07 22:02:26
8f055240-b541-11ef-85a9-54e1adfb0c6e,1,unqualified,1279,508,14368,56,2024-12-07 16:03:11
8f055398-b541-11ef-8b24-54e1adfb0c6e,0,click,1740,791,14818,4,2024-12-08 12:31:36
8f0554f4-b541-11ef-8f27-54e1adfb0c6e,0,qualified,1257,951,19277,84,2024-12-08 14:10:40
8f05566a-b541-11ef-a434-54e1adfb0c6e,1,qualified,1419,555,13827,44,2024-12-08 14:42:47
8f055814-b541-11ef-b9e8-54e1adfb0c6e,0,qualified,1439,782,12617,45,2024-12-08 03:34:26
8f0559fc-b541-11ef-abbe-54e1adfb0c6e,0,qualified,1077,591,13570,53,2024-12-07 15:59:32
8f055bc9-b541-11ef-9080-54e1adfb0c6e,1,qualified,1588,999,17795,37,2024-12-08 03:33:06
8f055d53-b541-11ef-a34a-54e1adfb0c6e,1,conversion,1449,866,16796,59,2024-12-07 19:30:13
8f055f17-b541-11ef-ada7-54e1adfb0c6e,0,conversion,1334,712,16775,69,2024-12-08 13:55:31
8f0560bd-b541-11ef-973f-54e1adfb0c6e,1,unqualified,1728,859,10517,10,2024-12-08 13:09:24
8f056278-b541-11ef-b5c3-54e1adfb0c6e,1,qualified,1732,825,17268,69,2024-12-08 12:01:21
8f056432-b541-11ef-8b98-54e1adfb0c6e,0,click,1105,784,19426,66,2024-12-08 12:12:34
8f0565e3-b541-11ef-a955-54e1adfb0c6e,1,qualified,1138,772,17072,77,2024-12-08 11:20:12
8f056786-b541-11ef-bce9-54e1adfb0c6e,0,click,1530,633,10550,21,2024-12-08 00:58:59
8f05690b-b541-11ef-a977-54e1adfb0c6e,1,unqualified,1441,819,14384,78,2024-12-08 08:00:53
8f056afd-b541-11ef-9afc-54e1adfb0c6e,0,conversion,1131,701,16110,21,2024-12-08 09:48:23
8f056cb4-b541-11ef-8b51-54e1adfb0c6e,1,qualified,1530,943,11285,39,2024-12-07 21:22:30
8f056e3d-b541-11ef-b366-54e1adfb0c6e,1,unqualified,1224,597,16028,1,2024-12-08 02:10:17
8f056fba-b541-11ef-959e-54e1adfb0c6e,1,conversion,1669,884,15723,64,2024-12-08 10:22:15
8f057152-b541-11ef-8634-54e1adfb0c6e,1,qualified,1019,948,10271,70,2024-12-08 02:30:30
8f0572fd-b541-11ef-b96b-54e1adfb0c6e,0,unqualified,1340,848,15738,32,2024-12-07 18:49:47
8f0574c4-b541-11ef-b80b-54e1adfb0c6e,0,qualified,1417,620,15771,7,2024-12-08 11:44:15
8f05767d-b541-11ef-bd38-54e1adfb0c6e,0,qualified,1977,881,12418,96,2024-12-07 23:31:52
8f057857-b541-11ef-994e-54e1adfb0c6e,1,qualified,1621,522,10317,44,2024-12-08 07:21:01
8f057a3a-b541-11ef-a53a-54e1adfb0c6e,1,click,1696,831,13479,60,2024-12-08 11:59:20
8f057c53-b541-11ef-a44f-54e1adfb0c6e,1,conversion,1640,558,13026,67,2024-12-08 05:01:10
8f057e36-b541-11ef-ae9b-54e1adfb0c6e,1,conversion,1790,959,11224,21,2024-12-08 12:50:51
8f058025-b541-11ef-a315-54e1adfb0c6e,0,conversion,1572,861,16757,1,2024-12-08 10:05:21
8f0581b6-b541-11ef-beb8-54e1adfb0c6e,0,click,1650,795,19289,52,2024-12-08 13:53:54
8f05837f-b541-11ef-87b2-54e1adfb0c6e,0,unqualified,1986,575,15154,66,2024-12-08 11:34:07
8f058548-b541-11ef-b4ea-54e1adfb0c6e,0,conversion,1538,950,14250,31,2024-12-08 14:37:37
8f0586e3-b541-11ef-84e9-54e1adfb0c6e,0,click,1577,748,10646,18,2024-12-08 07:12:56
8f058868-b541-11ef-a4da-54e1adfb0c6e,0,unqualified,1806,827,15021,55,2024-12-08 02:42:05
8f0589dd-b541-11ef-9799-54e1adfb0c6e,0,qualified,1029,534,16722,72,2024-12-08 13:43:13
8f058ba2-b541-11ef-a65e-54e1adfb0c6e,0,qualified,1192,762,16279,21,2024-12-07 20:06:33
8f058d49-b541-11ef-9dc1-54e1adfb0c6e,1,click,1723,730,14610,69,2024-12-07 20:36:49
8f058ef5-b541-11ef-b8f0-54e1adfb0c6e,1,conversion,1119,592,17269,12,2024-12-08 08:43:49
8f0590a4-b541-11ef-8626-54e1adfb0c6e,0,qualified,1528,762,12509,24,2024-12-08 04:40:29
8f05925f-b541-11ef-b239-54e1adfb0c6e,1,unqualified,1350,704,15961,42,2024-12-08 03:02:04
8f0593f7-b541-11ef-85c2-54e1adfb0c6e,1,click,1352,622,17792,98,2024-12-08 08:30:00
8f05959f-b541-11ef-8a5d-54e1adfb0c6e,0,unqualified,1351,717,19597,96,2024-12-08 03:01:52
8f05972d-b541-11ef-ba87-54e1adfb0c6e,1,unqualified,1832,919,14598,89,2024-12-08 11:37:45
8f0598b4-b541-11ef-a42c-54e1adfb0c6e,0,conversion,1731,758,12919,40,2024-12-07 22:41:51
8f05a887-b541-11ef-82b5-54e1adfb0c6e,1,qualified,1719,607,12774,13,2024-12-07 19:13:13
8f05aac1-b541-11ef-9384-54e1adfb0c6e,0,conversion,1631,760,15607,17,2024-12-08 10:32:25
8f05acf4-b541-11ef-8aff-54e1adfb0c6e,1,click,1442,514,15769,76,2024-12-07 21:18:46
8f05af74-b541-11ef-ba88-54e1adfb0c6e,0,click,1528,545,18946,6,2024-12-08 07:25:46
8f05b158-b541-11ef-8fec-54e1adfb0c6e,1,conversion,1730,633,15004,57,2024-12-08 05:01:52
8f05b2e7-b541-11ef-869f-54e1adfb0c6e,0,conversion,1621,650,14879,28,2024-12-08 03:10:11
8f05b47e-b541-11ef-933f-54e1adfb0c6e,0,qualified,1390,755,10616,57,2024-12-07 22:29:44
8f05b637-b541-11ef-a21f-54e1adfb0c6e,1,conversion,1454,573,11582,46,2024-12-08 07:48:41
8f05b923-b541-11ef-b285-54e1adfb0c6e,0,qualified,1249,733,19267,77,2024-12-08 10:20:04
8f05bb09-b541-11ef-98bd-54e1adfb0c6e,0,unqualified,1860,555,19668,81,2024-12-08 00:40:15
8f05bca7-b541-11ef-9fee-54e1adfb0c6e,1,qualified,1214,974,14771,29,2024-12-08 05:24:30
8f05be3f-b541-11ef-b39a-54e1adfb0c6e,0,click,1253,778,12955,50,2024-12-07 22:25:27
8f05bfe3-b541-11ef-8522-54e1adfb0c6e,0,click,1925,988,14233,33,2024-12-08 11:16:44
8f05c300-b541-11ef-83e8-54e1adfb0c6e,1,unqualified,1719,744,11894,18,2024-12-07 18:47:44
8f05c5d9-b541-11ef-9dd4-54e1adfb0c6e,0,unqualified,1211,979,11129,17,2024-12-08 00:04:56
8f05c761-b541-11ef-bb3a-54e1adfb0c6e,0,conversion,1200,948,12130,26,2024-12-08 08:19:29
8f05c8fa-b541-11ef-92fe-54e1adfb0c6e,1,qualified,1542,575,18675,60,2024-12-08 05:25:16
8f05ca9d-b541-11ef-80d8-54e1adfb0c6e,0,click,1583,664,13831,44,2024-12-07 19:06:30
8f05cc4c-b541-11ef-9c2c-54e1adfb0c6e,0,click,1521,548,12361,47,2024-12-07 23:11:42
8f05cde8-b541-11ef-895d-54e1adfb0c6e,1,click,1527,504,18790,50,2024-12-08 10:59:38
8f05cfe3-b541-11ef-9ed7-54e1adfb0c6e,1,click,1041,810,15310,77,2024-12-08 05:22:32
8f05d1b1-b541-11ef-b3fa-54e1adfb0c6e,1,unqualified,1985,554,15394,19,2024-12-08 04:19:21
8f05d362-b541-11ef-93c7-54e1adfb0c6e,0,conversion,1384,950,19297,6,2024-12-07 23:37:32
8f05d509-b541-11ef-b741-54e1adfb0c6e,1,click,1354,579,10608,87,2024-12-08 12:16:35
8f05d67e-b541-11ef-8ed8-54e1adfb0c6e,0,qualified,1668,742,18712,46,2024-12-07 18:36:47
8f05d81d-b541-11ef-a11e-54e1adfb0c6e,1,qualified,1553,750,12890,61,2024-12-07 22:59:35
8f05d9b7-b541-11ef-89b7-54e1adfb0c6e,0,unqualified,1354,595,15679,12,2024-12-08 00:32:26
8f05db5b-b541-11ef-a652-54e1adfb0c6e,1,conversion,1163,818,12527,14,2024-12-08 10:41:07
8f05dce0-b541-11ef-b835-54e1adfb0c6e,1,conversion,1089,857,17934,10,2024-12-07 19:38:40
8f05de75-b541-11ef-8e54-54e1adfb0c6e,0,unqualified,1638,839,18538,43,2024-12-08 11:48:01
8f05e015-b541-11ef-aefd-54e1adfb0c6e,1,conversion,1973,743,10078,81,2024-12-08 15:36:01
8f05e1d7-b541-11ef-9b00-54e1adfb0c6e,1,click,1210,986,12183,80,2024-12-08 08:55:51
8f05e37f-b541-11ef-8ca0-54e1adfb0c6e,1,click,1692,627,17172,66,2024-12-07 23:09:20
8f05e507-b541-11ef-bf85-54e1adfb0c6e,1,click,1707,724,10861,92,2024-12-08 14:10:53
8f05e684-b541-11ef-9844-54e1adfb0c6e,1,qualified,1755,966,13646,28,2024-12-08 05:50:11
8f05e828-b541-11ef-84e7-54e1adfb0c6e,1,conversion,1747,663,14206,19,2024-12-08 11:37:14
8f05e9c4-b541-11ef-8491-54e1adfb0c6e,0,click,1004,825,13122,13,2024-12-07 19:44:45
8f05eb50-b541-11ef-829e-54e1adfb0c6e,1,unqualified,1602,816,11760,92,2024-12-07 23:45:28
8f05ed6c-b541-11ef-b64c-54e1adfb0c6e,1,click,1176,999,10980,70,2024-12-08 05:30:31
8f05ef40-b541-11ef-b944-54e1adfb0c6e,1,qualified,1787,970,14430,53,2024-12-07 17:09:44
8f05f0cf-b541-11ef-ad40-54e1adfb0c6e,0,unqualified,1128,882,18735,18,2024-12-08 09:24:17
8f05f28b-b541-11ef-9238-54e1adfb0c6e,0,conversion,1455,642,14957,59,2024-12-07 16:20:57
8f05f40f-b541-11ef-a4de-54e1adfb0c6e,1,unqualified,1544,614,17808,1,2024-12-08 15:47:00
8f05f5aa-b541-11ef-8bc8-54e1adfb0c6e,0,qualified,1022,606,12906,56,2024-12-07 16:15:07
8f05f741-b541-11ef-a493-54e1adfb0c6e,0,click,1881,520,18023,82,2024-12-08 14:34:11
8f05f8d5-b541-11ef-91c8-54e1adfb0c6e,0,click,1052,614,11854,76,2024-12-07 17:38:14
8f05fa75-b541-11ef-aae2-54e1adfb0c6e,0,unqualified,1903,585,19465,35,2024-12-08 01:08:56
8f05fc27-b541-11ef-a0d9-54e1adfb0c6e,0,conversion,1613,866,15176,43,2024-12-08 11:13:13
8f05fda2-b541-11ef-a920-54e1adfb0c6e,1,click,1663,653,16963,79,2024-12-08 13:04:01
8f05ff1d-b541-11ef-81f2-54e1adfb0c6e,1,unqualified,1749,666,19851,13,2024-12-08 09:44:11
8f0600ab-b541-11ef-a060-54e1adfb0c6e,0,qualified,1560,979,14196,46,2024-12-07 23:07:06
8f060241-b541-11ef-b1af-54e1adfb0c6e,1,qualified,1225,646,10935,32,2024-12-08 08:56:46
8f0603cc-b541-11ef-a9bf-54e1adfb0c6e,1,click,1055,630,15758,84,2024-12-07 17:03:37
8f060559-b541-11ef-9217-54e1adfb0c6e,1,qualified,1770,609,19921,25,2024-12-08 08:08:41
8f060704-b541-11ef-8919-54e1adfb0c6e,0,click,1757,695,11348,26,2024-12-07 21:26:48
8f06089c-b541-11ef-bcc4-54e1adfb0c6e,1,click,1567,646,11802,53,2024-12-08 08:30:03
8f060a28-b541-11ef-a49e-54e1adfb0c6e,0,click,1407,921,10049,81,2024-12-08 04:19:08
8f060bb5-b541-11ef-8221-54e1adfb0c6e,0,unqualified,1137,531,14510,52,2024-12-08 02:05:12
8f060d43-b541-11ef-bd07-54e1adfb0c6e,1,qualified,1815,515,19456,32,2024-12-08 05:40:33
8f060ec0-b541-11ef-8e53-54e1adfb0c6e,1,qualified,1342,705,14703,24,2024-12-07 23:25:39
8f06106d-b541-11ef-8121-54e1adfb0c6e,0,conversion,1160,761,18057,84,2024-12-08 05:12:30
8f061213-b541-11ef-a285-54e1adfb0c6e,1,conversion,1811,876,16377,53,2024-12-07 17:27:11
8f06139c-b541-11ef-af2e-54e1adfb0c6e,1,click,1825,650,13799,16,2024-12-07 18:50:44
8f061520-b541-11ef-8e9f-54e1adfb0c6e,1,conversion,1767,532,13075,93,2024-12-08 08:59:56
8f0616d6-b541-11ef-bd7f-54e1adfb0c6e,1,unqualified,1666,791,15398,40,2024-12-07 16:33:06
8f061859-b541-11ef-b47c-54e1adfb0c6e,1,qualified,1885,734,11871,16,2024-12-08 03:14:08
8f0619df-b541-11ef-835d-54e1adfb0c6e,0,unqualified,1769,701,10723,45,2024-12-08 14:58:57
8f061b64-b541-11ef-b632-54e1adfb0c6e,0,click,1610,561,11589,54,2024-12-08 14:20:13
8f061ce4-b541-11ef-b356-54e1adfb0c6e,0,qualified,1586,678,17501,16,2024-12-07 23:43:05
8f061e73-b541-11ef-b2e8-54e1adfb0c6e,1,unqualified,1855,894,12382,46,2024-12-08 11:16:48
8f062011-b541-11ef-8900-54e1adfb0c6e,0,conversion,1115,572,10325,69,2024-12-08 06:55:43
8f0621b0-b541-11ef-840f-54e1adfb0c6e,0,qualified,1470,942,10725,9,2024-12-07 20:18:20
8f062350-b541-11ef-9cad-54e1adfb0c6e,0,click,1770,536,14542,6,2024-12-08 05:43:06
8f0624ea-b541-11ef-bb78-54e1adfb0c6e,0,unqualified,1272,857,13111,48,2024-12-08 15:05:29
8f06268c-b541-11ef-a443-54e1adfb0c6e,0,click,1905,864,13088,73,2024-12-08 08:28:57
8f06281f-b541-11ef-b9e0-54e1adfb0c6e,1,conversion,1262,796,16811,76,2024-12-08 03:03:36
8f0629b1-b541-11ef-a0a2-54e1adfb0c6e,1,unqualified,1675,808,15547,84,2024-12-07 17:34:29
8f062b36-b541-11ef-808c-54e1adfb0c6e,1,qualified,1939,685,13025,25,2024-12-08 07:32:28
8f062ccd-b541-11ef-a0b0-54e1adfb0c6e,1,conversion,1980,577,12170,35,2024-12-08 01:09:07
8f062e50-b541-11ef-b610-54e1adfb0c6e,1,unqualified,1873,701,12465,3,2024-12-08 03:30:54
8f063059-b541-11ef-8116-54e1adfb0c6e,0,click,1977,634,16587,93,2024-12-08 10:11:33
8f0631f7-b541-11ef-be27-54e1adfb0c6e,1,click,1070,648,17348,27,2024-12-08 01:02:13
8f063384-b541-11ef-972f-54e1adfb0c6e,1,conversion,1876,781,17674,27,2024-12-08 08:41:16
8f063520-b541-11ef-90fc-54e1adfb0c6e,0,conversion,1813,871,14437,52,2024-12-07 20:54:00
8f06369f-b541-11ef-b932-54e1adfb0c6e,0,qualified,1183,897,10292,21,2024-12-08 11:48:34
8f063860-b541-11ef-9a97-54e1adfb0c6e,0,qualified,1260,921,19852,99,2024-12-08 06:40:51
8f0639f1-b541-11ef-92dd-54e1adfb0c6e,1,qualified,1537,994,17717,86,2024-12-07 16:12:09
8f063ba3-b541-11ef-b811-54e1adfb0c6e,0,unqualified,1910,982,17864,74,2024-12-08 02:02:50
8f063d4e-b541-11ef-be49-54e1adfb0c6e,1,click,1270,804,17724,27,2024-12-08 05:57:59
8f063edb-b541-11ef-97b6-54e1adfb0c6e,0,unqualified,1131,688,12741,31,2024-12-08 03:18:19
8f064067-b541-11ef-b792-54e1adfb0c6e,1,unqualified,1719,790,19206,28,2024-12-07 17:05:56
8f06420b-b541-11ef-99a9-54e1adfb0c6e,1,qualified,1753,602,10348,20,2024-12-08 08:05:29
8f0643a2-b541-11ef-b2fe-54e1adfb0c6e,0,conversion,1340,577,18382,47,2024-12-08 07:39:07
8f06469f-b541-11ef-87b3-54e1adfb0c6e,1,click,1397,683,13907,42,2024-12-08 09:34:14
8f064a2f-b541-11ef-ac9f-54e1adfb0c6e,1,conversion,1379,834,14735,60,2024-12-08 00:18:36
8f064c22-b541-11ef-8b04-54e1adfb0c6e,0,unqualified,1390,785,10391,22,2024-12-07 19:25:07
8f064dfa-b541-11ef-bec7-54e1adfb0c6e,0,click,1481,860,17999,83,2024-12-07 22:44:16
8f064ffb-b541-11ef-9fdd-54e1adfb0c6e,1,conversion,1115,793,10109,67,2024-12-08 04:40:25
8f0651eb-b541-11ef-ba83-54e1adfb0c6e,1,unqualified,1864,542,10161,30,2024-12-08 06:56:33
8f0653e8-b541-11ef-b77a-54e1adfb0c6e,1,qualified,1648,691,19355,29,2024-12-07 18:36:24
8f0655b9-b541-11ef-8f4f-54e1adfb0c6e,0,unqualified,1704,954,16078,88,2024-12-07 21:00:40
8f065a64-b541-11ef-a095-54e1adfb0c6e,1,unqualified,1625,970,19632,87,2024-12-08 05:00:11
8f065ee4-b541-11ef-9311-54e1adfb0c6e,0,conversion,1250,757,19380,61,2024-12-07 17:07:00
8f0660ae-b541-11ef-8d50-54e1adfb0c6e,1,conversion,1891,634,19094,80,2024-12-07 23:35:55
8f066258-b541-11ef-b848-54e1adfb0c6e,0,unqualified,1742,842,12502,13,2024-12-08 03:00:29
8f066537-b541-11ef-9995-54e1adfb0c6e,0,qualified,1663,929,11716,93,2024-12-07 21:30:57
8f0666fd-b541-11ef-a0f8-54e1adfb0c6e,1,click,1030,820,18089,22,2024-12-08 15:38:57
8f066898-b541-11ef-867f-54e1adfb0c6e,1,conversion,1152,517,11912,42,2024-12-08 08:30:49
8f066b5c-b541-11ef-a9f7-54e1adfb0c6e,0,qualified,1928,594,10865,31,2024-12-07 17:53:37
8f066da2-b541-11ef-a2d7-54e1adfb0c6e,1,qualified,1710,851,18754,39,2024-12-07 22:55:27
8f066f6e-b541-11ef-b2b7-54e1adfb0c6e,0,unqualified,1781,781,19921,7,2024-12-08 04:09:32
8f067142-b541-11ef-a016-54e1adfb0c6e,0,click,1761,637,11234,4,2024-12-08 02:04:13
8f067765-b541-11ef-8e7d-54e1adfb0c6e,0,click,1711,859,14052,18,2024-12-08 01:02:47
8f067917-b541-11ef-ab7c-54e1adfb0c6e,1,click,1695,566,15689,81,2024-12-08 04:49:06
8f067aa7-b541-11ef-bb7e-54e1adfb0c6e,1,qualified,1646,898,16443,1,2024-12-08 14:55:48
8f067c80-b541-11ef-8658-54e1adfb0c6e,1,qualified,1765,708,13898,92,2024-12-08 05:35:09
8f067e13-b541-11ef-a44b-54e1adfb0c6e,1,qualified,1788,930,14455,82,2024-12-08 10:25:42
8f067f99-b541-11ef-a86d-54e1adfb0c6e,1,unqualified,1204,755,14537,13,2024-12-08 09:37:21
8f068131-b541-11ef-9859-54e1adfb0c6e,0,qualified,1522,816,10495,45,2024-12-08 04:20:24
8f0682cb-b541-11ef-a92d-54e1adfb0c6e,1,qualified,1843,776,14791,55,2024-12-07 21:37:29
8f068448-b541-11ef-986e-54e1adfb0c6e,1,click,1129,679,18788,97,2024-12-07 21:08:59
8f0685c5-b541-11ef-91c0-54e1adfb0c6e,0,unqualified,1447,787,12175,74,2024-12-07 23:20:27
8f068739-b541-11ef-b69d-54e1adfb0c6e,1,unqualified,1303,527,16994,68,2024-12-08 14:33:08
8f06905d-b541-11ef-88c0-54e1adfb0c6e,1,qualified,1736,627,18032,15,2024-12-08 08:54:44
8f069602-b541-11ef-97c3-54e1adfb0c6e,1,qualified,1679,967,14442,59,2024-12-08 06:28:32
8f0697d6-b541-11ef-91d1-54e1adfb0c6e,1,qualified,1610,660,12682,28,2024-12-07 23:18:55
8f069967-b541-11ef-b676-54e1adfb0c6e,1,qualified,1068,804,11117,74,2024-12-07 23:12:30
8f069c3a-b541-11ef-a807-54e1adfb0c6e,1,click,1542,728,18775,7,2024-12-07 19:42:10
8f069e45-b541-11ef-9abc-54e1adfb0c6e,1,unqualified,1423,751,12459,97,2024-12-08 13:58:20
8f069ff6-b541-11ef-97bf-54e1adfb0c6e,1,unqualified,1366,677,19775,81,2024-12-08 01:04:29
8f06a18f-b541-11ef-811b-54e1adfb0c6e,1,unqualified,1017,557,16656,92,2024-12-08 05:08:15
8f06a323-b541-11ef-98fd-54e1adfb0c6e,1,unqualified,1390,787,15175,70,2024-12-08 04:27:43
8f06a81a-b541-11ef-8fb6-54e1adfb0c6e,1,conversion,1179,611,19204,21,2024-12-08 14:54:36
8f06a9d8-b541-11ef-a8c1-54e1adfb0c6e,1,qualified,1635,589,16394,84,2024-12-08 09:35:24
8f06ab85-b541-11ef-af1b-54e1adfb0c6e,0,qualified,1236,518,19841,12,2024-12-07 18:29:23
8f06ad0b-b541-11ef-b759-54e1adfb0c6e,0,unqualified,1122,802,19836,38,2024-12-08 06:56:58
8f06aea3-b541-11ef-b0bc-54e1adfb0c6e,1,conversion,1620,790,19832,71,2024-12-08 12:35:41
8f06b032-b541-11ef-9903-54e1adfb0c6e,0,conversion,1407,504,18079,34,2024-12-07 19:58:17
8f06b1f1-b541-11ef-b5c5-54e1adfb0c6e,1,qualified,1646,925,18750,29,2024-12-08 07:41:45
8f06b393-b541-11ef-9015-54e1adfb0c6e,1,click,1580,521,18964,13,2024-12-07 16:22:47
8f06b512-b541-11ef-8c7a-54e1adfb0c6e,0,conversion,1787,793,19553,12,2024-12-07 20:40:08
8f06b686-b541-11ef-b497-54e1adfb0c6e,1,qualified,1690,830,16550,52,2024-12-08 09:33:32
8f06b7f4-b541-11ef-88e4-54e1adfb0c6e,0,qualified,1227,898,19538,100,2024-12-08 01:11:11
8f06b972-b541-11ef-b4ee-54e1adfb0c6e,1,qualified,1272,740,16389,49,2024-12-08 12:14:59
8f06bae5-b541-11ef-8e5b-54e1adfb0c6e,1,unqualified,1353,825,10105,50,2024-12-08 00:14:03
8f06bc61-b541-11ef-a1e3-54e1adfb0c6e,0,unqualified,1040,824,14321,29,2024-12-07 16:48:10
8f06bdd9-b541-11ef-8ab0-54e1adfb0c6e,0,qualified,1084,875,16592,32,2024-12-08 05:30:30
8f06bf4e-b541-11ef-b850-54e1adfb0c6e,0,conversion,1167,624,19477,97,2024-12-07 19:44:00
8f06c0c1-b541-11ef-b810-54e1adfb0c6e,1,click,1013,856,15313,39,2024-12-08 02:26:20
8f06c23e-b541-11ef-84d9-54e1adfb0c6e,1,qualified,1629,681,16412,14,2024-12-08 05:38:49
8f06c3aa-b541-11ef-a449-54e1adfb0c6e,1,unqualified,1498,516,14543,34,2024-12-08 06:02:08
8f06c511-b541-11ef-8a7f-54e1adfb0c6e,0,unqualified,1975,715,16051,78,2024-12-07 20:30:29
8f06c68c-b541-11ef-b3dd-54e1adfb0c6e,0,click,1870,911,17463,35,2024-12-07 21:16:46
8f06c804-b541-11ef-b594-54e1adfb0c6e,0,conversion,1033,829,18909,41,2024-12-08 13:56:47
8f06c96e-b541-11ef-be0a-54e1adfb0c6e,1,qualified,1557,523,10101,32,2024-12-08 02:17:33
8f06cadd-b541-11ef-87a8-54e1adfb0c6e,0,conversion,1788,954,17654,60,2024-12-08 13:23:13
8f06cc5c-b541-11ef-b584-54e1adfb0c6e,0,unqualified,1429,873,16775,75,2024-12-08 14:51:12
8f06cdd2-b541-11ef-8064-54e1adfb0c6e,0,click,1286,881,15972,66,2024-12-08 08:27:14
8f06cf95-b541-11ef-a810-54e1adfb0c6e,0,qualified,1578,776,18683,63,2024-12-07 19:06:04
8f06d123-b541-11ef-ac21-54e1adfb0c6e,0,qualified,1257,683,13971,9,2024-12-08 05:16:46
8f06d2a4-b541-11ef-9226-54e1adfb0c6e,1,click,1850,976,19529,62,2024-12-08 10:55:09
8f06d426-b541-11ef-acb9-54e1adfb0c6e,1,click,1765,970,18007,65,2024-12-08 07:38:22
8f06d59e-b541-11ef-9266-54e1adfb0c6e,0,qualified,1478,830,18551,48,2024-12-08 12:04:03
8f06d723-b541-11ef-b0de-54e1adfb0c6e,0,unqualified,1709,783,12749,33,2024-12-07 18:02:38
8f06d8a4-b541-11ef-be38-54e1adfb0c6e,0,qualified,1174,620,16292,36,2024-12-08 15:25:09
8f06da61-b541-11ef-a986-54e1adfb0c6e,0,qualified,1895,705,16315,68,2024-12-08 01:50:43
8f06dc4f-b541-11ef-b901-54e1adfb0c6e,0,click,1317,921,14515,84,2024-12-08 13:56:15
8f06ddfa-b541-11ef-ad27-54e1adfb0c6e,0,conversion,1747,647,14464,83,2024-12-07 16:22:19
8f06dfc5-b541-11ef-bf1e-54e1adfb0c6e,1,click,1033,936,19408,54,2024-12-07 19:37:53
8f06e18d-b541-11ef-a01b-54e1adfb0c6e,1,click,1421,807,13507,82,2024-12-07 18:56:54
8f06e358-b541-11ef-8088-54e1adfb0c6e,0,conversion,1341,898,14086,43,2024-12-08 10:03:11
8f06e582-b541-11ef-9240-54e1adfb0c6e,0,click,1447,721,14306,86,2024-12-07 20:52:02
8f06e707-b541-11ef-8f4b-54e1adfb0c6e,0,qualified,1893,724,14559,8,2024-12-07 21:04:58
8f06e8c9-b541-11ef-85b5-54e1adfb0c6e,0,conversion,1924,580,12149,12,2024-12-07 20:03:56
8f06ea90-b541-11ef-b30c-54e1adfb0c6e,1,click,1674,619,10398,78,2024-12-08 15:10:37
8f06edda-b541-11ef-ade2-54e1adfb0c6e,0,qualified,1910,653,13713,98,2024-12-07 19:21:32
8f06effc-b541-11ef-8531-54e1adfb0c6e,1,qualified,1387,506,14237,80,2024-12-08 04:09:39
8f06f1de-b541-11ef-a3e9-54e1adfb0c6e,1,unqualified,1527,575,10798,15,2024-12-08 13:14:13
8f06f37c-b541-11ef-ae28-54e1adfb0c6e,0,conversion,1688,879,19133,94,2024-12-07 22:31:58
8f06fa5d-b541-11ef-a302-54e1adfb0c6e,1,conversion,1041,685,11515,11,2024-12-07 23:05:05
8f06fd62-b541-11ef-bce9-54e1adfb0c6e,0,qualified,1956,827,12066,51,2024-12-08 08:10:46
8f06ff7f-b541-11ef-b21e-54e1adfb0c6e,0,conversion,1821,661,18702,11,2024-12-07 19:19:41
8f070747-b541-11ef-9c41-54e1adfb0c6e,1,unqualified,1390,905,10566,12,2024-12-08 11:30:16
8f070afd-b541-11ef-846b-54e1adfb0c6e,1,conversion,1557,715,19169,95,2024-12-08 06:23:31
8f070cc7-b541-11ef-83d5-54e1adfb0c6e,0,click,1808,867,11543,56,2024-12-08 13:48:40
8f070f80-b541-11ef-bdac-54e1adfb0c6e,0,qualified,1891,977,15283,61,2024-12-08 07:54:13
8f07150b-b541-11ef-bcac-54e1adfb0c6e,0,unqualified,1958,941,17566,56,2024-12-08 12:11:55
8f071751-b541-11ef-9f6a-54e1adfb0c6e,0,click,1826,561,15062,5,2024-12-08 03:33:26
8f071961-b541-11ef-abfb-54e1adfb0c6e,1,unqualified,1437,900,17620,16,2024-12-08 13:28:54
8f071b27-b541-11ef-bd26-54e1adfb0c6e,0,conversion,1828,918,11691,57,2024-12-08 13:33:18
8f071cfa-b541-11ef-b0a5-54e1adfb0c6e,0,unqualified,1796,549,17078,84,2024-12-08 11:53:07
8f072035-b541-11ef-a114-54e1adfb0c6e,0,click,1320,538,19235,38,2024-12-08 04:48:20
8f072252-b541-11ef-83b6-54e1adfb0c6e,0,qualified,1224,653,15492,34,2024-12-08 00:13:36
8f0723e0-b541-11ef-98bb-54e1adfb0c6e,1,conversion,1821,841,18506,1,2024-12-07 23:34:28
8f07257c-b541-11ef-b693-54e1adfb0c6e,1,click,1905,640,10066,51,2024-12-08 05:47:05
8f07271c-b541-11ef-8bdb-54e1adfb0c6e,0,unqualified,1872,649,14314,17,2024-12-08 14:37:36
8f072905-b541-11ef-85fe-54e1adfb0c6e,1,unqualified,1181,888,13054,9,2024-12-08 03:24:36
8f072e46-b541-11ef-ae71-54e1adfb0c6e,0,qualified,1871,582,11225,62,2024-12-08 02:31:29
8f0740b9-b541-11ef-80c0-54e1adfb0c6e,1,qualified,1831,922,11141,41,2024-12-08 12:09:32
8f074501-b541-11ef-92b3-54e1adfb0c6e,1,conversion,1926,738,18655,35,2024-12-08 07:22:25
8f074849-b541-11ef-a926-54e1adfb0c6e,0,conversion,1178,788,14347,91,2024-12-07 19:55:30
8f074b03-b541-11ef-9297-54e1adfb0c6e,0,unqualified,1828,520,14181,40,2024-12-08 11:21:45
8f074d9a-b541-11ef-938a-54e1adfb0c6e,0,qualified,1478,735,14879,87,2024-12-08 10:01:01
8f074f68-b541-11ef-990d-54e1adfb0c6e,1,qualified,1105,750,16752,86,2024-12-08 08:54:39
8f07510a-b541-11ef-84ab-54e1adfb0c6e,1,qualified,1003,903,12438,55,2024-12-08 06:59:57
8f0752a6-b541-11ef-ab85-54e1adfb0c6e,0,conversion,1681,588,11090,8,2024-12-08 03:23:46
8f07544d-b541-11ef-bfc3-54e1adfb0c6e,1,click,1450,772,17574,1,2024-12-08 01:42:29
8f0755f8-b541-11ef-ab74-54e1adfb0c6e,1,conversion,1566,848,17242,21,2024-12-07 20:44:57
8f0757e9-b541-11ef-99c8-54e1adfb0c6e,1,unqualified,1533,534,16014,24,2024-12-08 15:43:03
8f075983-b541-11ef-9ae9-54e1adfb0c6e,0,unqualified,1433,565,19320,59,2024-12-08 03:14:21
8f075b0a-b541-11ef-aecf-54e1adfb0c6e,1,unqualified,1198,977,10774,72,2024-12-07 19:05:38
8f075cb6-b541-11ef-80ab-54e1adfb0c6e,0,unqualified,1229,651,14866,28,2024-12-08 11:23:07
8f075e56-b541-11ef-94b4-54e1adfb0c6e,0,click,1735,766,16705,27,2024-12-07 17:38:32
8f075fee-b541-11ef-a23a-54e1adfb0c6e,0,unqualified,1208,538,16320,21,2024-12-07 22:51:39
8f076164-b541-11ef-af43-54e1adfb0c6e,1,unqualified,1921,644,14608,75,2024-12-08 00:32:56
8f0762f3-b541-11ef-bd8a-54e1adfb0c6e,0,click,1301,543,19897,51,2024-12-08 08:40:20
8f0764cc-b541-11ef-abb6-54e1adfb0c6e,0,qualified,1370,965,16596,13,2024-12-08 11:09:12
8f07666b-b541-11ef-b276-54e1adfb0c6e,0,unqualified,1599,584,10981,98,2024-12-08 13:46:34
8f076825-b541-11ef-92a8-54e1adfb0c6e,0,qualified,1162,758,11036,98,2024-12-07 17:19:52
8f0769b0-b541-11ef-9b21-54e1adfb0c6e,0,click,1585,591,16616,20,2024-12-08 01:00:06
8f076b39-b541-11ef-baf6-54e1adfb0c6e,0,unqualified,1111,748,15008,63,2024-12-08 04:03:12
8f076cd3-b541-11ef-8d71-54e1adfb0c6e,1,qualified,1713,611,15726,7,2024-12-08 09:13:55
8f076e76-b541-11ef-b3e4-54e1adfb0c6e,0,click,1871,834,12176,23,2024-12-08 03:16:52
8f07701b-b541-11ef-946f-54e1adfb0c6e,0,unqualified,1496,527,14357,27,2024-12-07 21:10:48
8f0771c3-b541-11ef-9bab-54e1adfb0c6e,1,click,1085,877,13363,4,2024-12-08 11:29:57
8f077362-b541-11ef-bb55-54e1adfb0c6e,1,unqualified,1993,567,10610,57,2024-12-08 04:27:16
8f0774d8-b541-11ef-84c8-54e1adfb0c6e,1,click,1090,615,10658,75,2024-12-07 18:32:34
8f077647-b541-11ef-b0f4-54e1adfb0c6e,0,qualified,1036,778,14561,97,2024-12-08 06:12:27
8f0777cc-b541-11ef-93a5-54e1adfb0c6e,0,qualified,1725,681,13592,50,2024-12-08 01:07:52
8f07794b-b541-11ef-877b-54e1adfb0c6e,0,qualified,1897,607,12008,12,2024-12-08 05:03:00
8f077adc-b541-11ef-835b-54e1adfb0c6e,1,unqualified,1386,929,16908,81,2024-12-08 14:06:09
8f077c59-b541-11ef-826a-54e1adfb0c6e,0,unqualified,1322,636,19399,49,2024-12-08 09:39:09
8f077dd2-b541-11ef-bade-54e1adfb0c6e,1,conversion,1109,589,13598,12,2024-12-08 09:33:40
8f077f9e-b541-11ef-b174-54e1adfb0c6e,1,qualified,1095,685,16171,83,2024-12-08 12:14:48
8f078127-b541-11ef-ac07-54e1adfb0c6e,0,qualified,1540,777,13830,97,2024-12-07 16:09:36
8f0782bd-b541-11ef-84e3-54e1adfb0c6e,0,click,1398,686,13277,74,2024-12-08 03:04:51
8f078482-b541-11ef-bed6-54e1adfb0c6e,1,click,1480,694,19440,23,2024-12-08 09:24:05
8f078618-b541-11ef-8d0a-54e1adfb0c6e,1,click,1267,769,13897,100,2024-12-07 23:10:30
8f0787af-b541-11ef-9114-54e1adfb0c6e,1,qualified,1061,977,11793,60,2024-12-08 10:08:48
8f078930-b541-11ef-b87d-54e1adfb0c6e,0,click,1613,598,10425,5,2024-12-08 10:07:35
8f078bbd-b541-11ef-8d2a-54e1adfb0c6e,1,unqualified,1417,842,17047,18,2024-12-08 15:13:17
8f078dcb-b541-11ef-b16b-54e1adfb0c6e,1,conversion,1298,558,11560,51,2024-12-07 21:31:45
8f079041-b541-11ef-816f-54e1adfb0c6e,0,qualified,1971,641,16540,16,2024-12-07 19:31:03
8f079211-b541-11ef-8f5a-54e1adfb0c6e,0,unqualified,1768,920,19506,6,2024-12-07 18:16:57
8f0793aa-b541-11ef-aa6c-54e1adfb0c6e,0,conversion,1719,753,13874,66,2024-12-08 08:38:00
8f079581-b541-11ef-9d6f-54e1adfb0c6e,0,unqualified,1574,716,16524,87,2024-12-08 03:12:30
8f079761-b541-11ef-9b22-54e1adfb0c6e,1,unqualified,1066,917,19874,35,2024-12-07 16:28:53
8f07991b-b541-11ef-980d-54e1adfb0c6e,1,unqualified,1501,743,17427,92,2024-12-07 21:27:41
8f079ac1-b541-11ef-bb20-54e1adfb0c6e,1,click,1097,817,12763,72,2024-12-08 13:51:11
8f079e7a-b541-11ef-a382-54e1adfb0c6e,1,click,1189,686,19741,9,2024-12-08 01:31:36
8f079fee-b541-11ef-837d-54e1adfb0c6e,1,qualified,1176,501,16265,63,2024-12-08 12:28:11
8f07a0da-b541-11ef-a361-54e1adfb0c6e,0,conversion,1137,621,13642,58,2024-12-07 18:39:39
8f07a1a9-b541-11ef-8a3e-54e1adfb0c6e,0,qualified,1355,538,11785,4,2024-12-08 07:36:17
8f07a25e-b541-11ef-bf9d-54e1adfb0c6e,0,conversion,1560,823,11008,59,2024-12-08 00:21:45
8f07a31d-b541-11ef-9ab2-54e1adfb0c6e,1,click,1852,894,12323,12,2024-12-08 12:34:21
8f07a3ed-b541-11ef-89b2-54e1adfb0c6e,0,qualified,1047,543,19781,1,2024-12-08 08:35:11
8f07a4a3-b541-11ef-8f23-54e1adfb0c6e,1,conversion,1638,604,19201,87,2024-12-07 16:03:31
8f07a557-b541-11ef-a171-54e1adfb0c6e,1,unqualified,1876,901,14903,91,2024-12-08 12:47:45
8f07a602-b541-11ef-9f2d-54e1adfb0c6e,0,conversion,1883,873,19627,27,2024-12-08 02:47:49
8f07a6ab-b541-11ef-81e0-54e1adfb0c6e,0,qualified,1560,622,10874,29,2024-12-07 21:38:18
8f07a759-b541-11ef-aa69-54e1adfb0c6e,0,unqualified,1896,678,18871,4,2024-12-08 06:48:33
8f07a807-b541-11ef-bfec-54e1adfb0c6e,0,unqualified,1032,579,17351,45,2024-12-08 14:40:30
8f07a8b3-b541-11ef-a35d-54e1adfb0c6e,1,click,1323,668,15786,69,2024-12-07 23:28:14
8f07a97b-b541-11ef-ab4b-54e1adfb0c6e,1,unqualified,1994,671,18052,75,2024-12-08 15:30:10
8f07aa49-b541-11ef-8e57-54e1adfb0c6e,0,qualified,1789,761,12456,99,2024-12-08 12:24:44
8f07aafb-b541-11ef-b384-54e1adfb0c6e,0,unqualified,1451,507,19543,50,2024-12-08 01:54:50
8f07aba4-b541-11ef-b83f-54e1adfb0c6e,0,qualified,1216,507,12643,21,2024-12-07 16:51:47
8f07ac53-b541-11ef-9c7c-54e1adfb0c6e,0,click,1590,837,13365,94,2024-12-08 10:33:33
8f07ad1f-b541-11ef-a34f-54e1adfb0c6e,0,unqualified,1908,668,16346,49,2024-12-08 03:27:14
8f07adc4-b541-11ef-a8b0-54e1adfb0c6e,1,unqualified,1960,522,12240,64,2024-12-08 05:12:46
8f07ae6e-b541-11ef-be5f-54e1adfb0c6e,1,click,1103,880,10558,99,2024-12-07 16:01:26
8f07af10-b541-11ef-8fb6-54e1adfb0c6e,0,unqualified,1652,888,14649,10,2024-12-07 21:07:03
8f07afbf-b541-11ef-8d5c-54e1adfb0c6e,1,qualified,1649,832,16098,32,2024-12-07 17:51:28
8f07b06f-b541-11ef-8512-54e1adfb0c6e,0,unqualified,1774,956,10901,33,2024-12-08 07:40:56
8f07b12b-b541-11ef-92f0-54e1adfb0c6e,1,qualified,1444,910,10150,35,2024-12-07 21:38:08
8f07b1f0-b541-11ef-9ead-54e1adfb0c6e,1,unqualified,1867,864,19112,92,2024-12-07 20:47:11
8f07b29f-b541-11ef-ae39-54e1adfb0c6e,1,click,1490,556,13459,12,2024-12-08 10:30:40
8f07b34f-b541-11ef-b862-54e1adfb0c6e,0,click,1932,691,17811,3,2024-12-07 16:22:13
8f07b403-b541-11ef-a615-54e1adfb0c6e,0,conversion,1680,651,19505,74,2024-12-08 09:17:11
8f07b4b1-b541-11ef-bad1-54e1adfb0c6e,1,conversion,1426,523,18191,78,2024-12-08 00:27:57
8f07b562-b541-11ef-a81b-54e1adfb0c6e,1,click,1605,610,19352,54,2024-12-07 23:57:47
8f07b60f-b541-11ef-85a5-54e1adfb0c6e,1,unqualified,1411,923,19877,99,2024-12-08 10:02:58
8f07b6bc-b541-11ef-9930-54e1adfb0c6e,1,conversion,1710,509,18963,84,2024-12-08 00:53:59
8f07b768-b541-11ef-9204-54e1adfb0c6e,0,qualified,1444,922,14551,53,2024-12-08 03:39:54
8f07b810-b541-11ef-aa3f-54e1adfb0c6e,0,qualified,1559,691,18457,85,2024-12-07 20:07:29
8f07b8ba-b541-11ef-9dfa-54e1adfb0c6e,1,unqualified,1485,561,11689,77,2024-12-07 18:35:12
8f07b963-b541-11ef-bb71-54e1adfb0c6e,1,click,1047,597,15540,34,2024-12-07 17:24:18
8f07ba13-b541-11ef-9fcf-54e1adfb0c6e,0,qualified,1518,954,14246,9,2024-12-08 06:55:11
8f07babe-b541-11ef-be87-54e1adfb0c6e,0,qualified,1203,652,13491,42,2024-12-08 10:42:38
8f07bb69-b541-11ef-b4f0-54e1adfb0c6e,1,conversion,1107,676,18863,12,2024-12-08 10:17:37
8f07bc10-b541-11ef-bcf6-54e1adfb0c6e,0,click,1866,863,14679,65,2024-12-08 15:36:36
8f07bcb5-b541-11ef-9364-54e1adfb0c6e,0,click,1094,504,12743,60,2024-12-08 01:57:18
8f07bd58-b541-11ef-b0f3-54e1adfb0c6e,1,click,1979,975,14504,23,2024-12-08 06:03:31
8f07be48-b541-11ef-b87b-54e1adfb0c6e,0,click,1125,527,11667,81,2024-12-08 09:13:26
8f07bf1d-b541-11ef-bab2-54e1adfb0c6e,1,qualified,1246,563,17223,58,2024-12-08 05:56:28
8f07bfd5-b541-11ef-992f-54e1adfb0c6e,0,qualified,1801,623,11424,82,2024-12-08 03:22:55
8f07c0a0-b541-11ef-8d75-54e1adfb0c6e,0,conversion,1779,624,12267,22,2024-12-07 18:18:50
8f07c152-b541-11ef-a519-54e1adfb0c6e,1,click,1342,548,19530,81,2024-12-07 18:40:33
8f07c20b-b541-11ef-b984-54e1adfb0c6e,1,qualified,1019,885,14427,11,2024-12-07 21:15:38
8f07c2cd-b541-11ef-9748-54e1adfb0c6e,0,qualified,1685,757,13943,37,2024-12-08 05:17:50
8f07c38f-b541-11ef-a0ca-54e1adfb0c6e,1,conversion,1894,522,12806,13,2024-12-08 08:19:25
8f07c457-b541-11ef-8468-54e1adfb0c6e,0,qualified,1815,530,15528,18,2024-12-08 14:13:10
8f07c510-b541-11ef-845c-54e1adfb0c6e,1,conversion,1229,816,10700,5,2024-12-08 12:12:48
8f07c5c2-b541-11ef-b0fe-54e1adfb0c6e,0,unqualified,1385,520,15533,55,2024-12-08 00:51:41
8f07c669-b541-11ef-8b52-54e1adfb0c6e,0,click,1734,817,12180,37,2024-12-07 21:00:28
8f07c725-b541-11ef-bdcf-54e1adfb0c6e,0,click,1150,967,12494,74,2024-12-08 08:31:41
8f07c7ee-b541-11ef-bbd3-54e1adfb0c6e,1,click,1366,945,13531,24,2024-12-08 05:03:49
8f07c8a8-b541-11ef-a7a8-54e1adfb0c6e,1,unqualified,1602,889,15993,71,2024-12-07 17:52:02
8f07c95d-b541-11ef-a441-54e1adfb0c6e,1,conversion,1347,801,14603,38,2024-12-07 16:37:57
8f07ca2f-b541-11ef-b473-54e1adfb0c6e,0,qualified,1387,501,11279,41,2024-12-08 08:16:58
8f07cae4-b541-11ef-9199-54e1adfb0c6e,1,unqualified,1255,849,12129,46,2024-12-07 18:42:02
8f07cb91-b541-11ef-866c-54e1adfb0c6e,0,conversion,1777,687,19867,56,2024-12-08 00:06:14
8f07cc32-b541-11ef-a264-54e1adfb0c6e,0,click,1375,960,16556,54,2024-12-07 19:58:39
8f07ccd9-b541-11ef-971f-54e1adfb0c6e,0,conversion,1632,859,16177,8,2024-12-08 01:09:05
8f07cda0-b541-11ef-ac97-54e1adfb0c6e,1,qualified,1969,892,13556,75,2024-12-08 03:02:43
8f07ce4e-b541-11ef-aa4a-54e1adfb0c6e,1,conversion,1351,776,17304,31,2024-12-07 22:41:53
8f07cefa-b541-11ef-b686-54e1adfb0c6e,0,unqualified,1701,522,14079,69,2024-12-08 08:34:41
8f07d0ab-b541-11ef-8a46-54e1adfb0c6e,0,click,1550,983,16714,31,2024-12-07 21:28:12
8f07d1c8-b541-11ef-bd9b-54e1adfb0c6e,0,click,1419,850,10018,59,2024-12-07 16:58:33
8f07d2b8-b541-11ef-b0ce-54e1adfb0c6e,1,click,1454,786,14158,91,2024-12-08 07:22:57
8f07d37a-b541-11ef-85db-54e1adfb0c6e,0,conversion,1973,799,15291,99,2024-12-08 10:39:02
8f07d425-b541-11ef-90d4-54e1adfb0c6e,1,unqualified,1708,508,17280,27,2024-12-08 05:45:52
8f07d4cf-b541-11ef-a15d-54e1adfb0c6e,1,conversion,1545,570,19100,19,2024-12-08 03:52:17
8f07d57e-b541-11ef-9814-54e1adfb0c6e,0,unqualified,1620,796,12066,7,2024-12-08 02:50:24
8f07d62b-b541-11ef-95fd-54e1adfb0c6e,1,click,1479,678,14197,92,2024-12-08 04:23:21
8f07d6d9-b541-11ef-81a1-54e1adfb0c6e,1,conversion,1097,856,13251,73,2024-12-07 23:48:59
8f07d786-b541-11ef-a847-54e1adfb0c6e,0,click,1567,700,13492,70,2024-12-08 01:40:15
8f07d848-b541-11ef-aaa5-54e1adfb0c6e,0,click,1212,938,17009,89,2024-12-07 18:56:09
8f07d8f1-b541-11ef-907f-54e1adfb0c6e,0,qualified,1605,879,19839,93,2024-12-07 19:44:40
8f07d99c-b541-11ef-b5f7-54e1adfb0c6e,1,qualified,1967,887,10019,3,2024-12-07 19:50:57
8f07da44-b541-11ef-8e98-54e1adfb0c6e,0,click,1355,769,10206,90,2024-12-08 00:27:11
8f07daed-b541-11ef-be46-54e1adfb0c6e,0,unqualified,1731,975,19392,61,2024-12-07 17:18:39
8f07dba3-b541-11ef-93bb-54e1adfb0c6e,1,unqualified,1952,914,13441,86,2024-12-08 00:49:52
8f07dc5d-b541-11ef-9149-54e1adfb0c6e,0,click,1738,642,11112,37,2024-12-07 23:58:11
8f07dd0c-b541-11ef-a42e-54e1adfb0c6e,1,qualified,1522,875,11946,91,2024-12-08 15:31:41
8f07ddcf-b541-11ef-8930-54e1adfb0c6e,1,conversion,1568,820,11281,88,2024-12-08 04:40:57
8f07de7a-b541-11ef-a98e-54e1adfb0c6e,1,qualified,1802,667,19211,7,2024-12-08 10:55:14
8f07df1d-b541-11ef-842a-54e1adfb0c6e,0,qualified,1382,595,15954,59,2024-12-07 21:01:47
8f07dfc9-b541-11ef-9ef9-54e1adfb0c6e,0,qualified,1103,706,18831,63,2024-12-08 05:45:39
8f07e072-b541-11ef-a2f2-54e1adfb0c6e,1,qualified,1013,685,14636,4,2024-12-08 13:57:45
8f07e117-b541-11ef-aab6-54e1adfb0c6e,1,unqualified,1929,918,11637,11,2024-12-08 02:55:01
8f07e1c1-b541-11ef-a390-54e1adfb0c6e,1,unqualified,1379,974,12970,22,2024-12-07 17:52:07
8f07e26c-b541-11ef-acd7-54e1adfb0c6e,1,click,1759,930,13484,61,2024-12-08 07:24:37
8f07e313-b541-11ef-a2b8-54e1adfb0c6e,1,click,1020,948,11506,34,2024-12-08 07:06:24
8f07e3bb-b541-11ef-9bf1-54e1adfb0c6e,1,unqualified,1668,955,11718,92,2024-12-08 03:59:56
8f07e464-b541-11ef-9e5b-54e1adfb0c6e,1,click,1905,777,11854,28,2024-12-08 04:22:12
8f07e50d-b541-11ef-a34f-54e1adfb0c6e,1,click,1446,683,11687,32,2024-12-08 04:05:10
8f07e5ba-b541-11ef-b48f-54e1adfb0c6e,1,conversion,1973,718,18496,35,2024-12-07 16:37:13
8f07e663-b541-11ef-82fd-54e1adfb0c6e,0,conversion,1769,682,16351,52,2024-12-08 00:35:54
8f07e708-b541-11ef-a86e-54e1adfb0c6e,0,click,1854,519,12242,11,2024-12-08 11:17:53
8f07e8a0-b541-11ef-b683-54e1adfb0c6e,1,conversion,1461,946,15360,15,2024-12-07 16:47:33
8f07ea80-b541-11ef-b50c-54e1adfb0c6e,1,qualified,1916,511,18800,98,2024-12-08 01:40:55
8f07ec19-b541-11ef-b5a2-54e1adfb0c6e,1,conversion,1661,531,17914,75,2024-12-08 06:12:12
8f07ed97-b541-11ef-8dd4-54e1adfb0c6e,0,unqualified,1012,773,10282,41,2024-12-08 15:36:14
8f07ee6e-b541-11ef-af83-54e1adfb0c6e,1,click,1931,879,11714,16,2024-12-08 11:15:37
8f07ef33-b541-11ef-8b00-54e1adfb0c6e,1,conversion,1379,955,17290,78,2024-12-07 16:28:49
8f07efe4-b541-11ef-abb4-54e1adfb0c6e,0,click,1700,629,14945,1,2024-12-07 17:27:56
8f07f08c-b541-11ef-ad33-54e1adfb0c6e,0,unqualified,1305,914,10766,40,2024-12-08 02:16:01
8f07f134-b541-11ef-ad4d-54e1adfb0c6e,1,conversion,1014,611,13129,92,2024-12-08 03:20:33
8f07f201-b541-11ef-b42e-54e1adfb0c6e,1,conversion,1627,541,18748,75,2024-12-08 12:49:33
8f07f2a9-b541-11ef-9ad5-54e1adfb0c6e,0,unqualified,1468,769,19788,82,2024-12-07 17:59:50
8f07f350-b541-11ef-8d67-54e1adfb0c6e,0,click,1833,613,19017,46,2024-12-07 20:44:48
8f07f401-b541-11ef-b4d3-54e1adfb0c6e,0,qualified,1428,816,17548,54,2024-12-08 08:31:51
8f07f4ad-b541-11ef-9beb-54e1adfb0c6e,1,conversion,1855,833,14443,47,2024-12-08 10:09:29
8f07f558-b541-11ef-9eaa-54e1adfb0c6e,0,click,1640,703,17132,11,2024-12-08 05:20:21
8f07f609-b541-11ef-8a38-54e1adfb0c6e,1,unqualified,1002,525,10539,42,2024-12-07 19:54:37
8f07f6ad-b541-11ef-b5e7-54e1adfb0c6e,0,click,1754,943,19023,23,2024-12-07 23:21:37
8f07f753-b541-11ef-84b9-54e1adfb0c6e,1,click,1548,671,18531,59,2024-12-08 07:16:00
8f07f7fc-b541-11ef-8dae-54e1adfb0c6e,0,conversion,1423,701,17112,100,2024-12-08 02:27:23
8f07f8a5-b541-11ef-be36-54e1adfb0c6e,1,conversion,1601,544,12801,77,2024-12-08 13:59:29
8f07f963-b541-11ef-95a6-54e1adfb0c6e,1,unqualified,1415,695,17883,17,2024-12-08 06:11:41
8f07fa14-b541-11ef-8456-54e1adfb0c6e,0,conversion,1545,684,15778,9,2024-12-08 10:19:10
8f07fae0-b541-11ef-a09f-54e1adfb0c6e,1,qualified,1724,882,12501,7,2024-12-08 01:46:19
8f07fba6-b541-11ef-b0b1-54e1adfb0c6e,1,conversion,1025,590,15568,93,2024-12-08 13:22:50
8f07fc56-b541-11ef-a3f2-54e1adfb0c6e,1,conversion,1660,963,15651,61,2024-12-08 03:20:33
8f07fd00-b541-11ef-9899-54e1adfb0c6e,1,click,1697,509,19345,42,2024-12-07 17:06:34
8f07fdaf-b541-11ef-bc5a-54e1adfb0c6e,0,unqualified,1166,783,16752,90,2024-12-08 15:40:42
8f07fe5d-b541-11ef-8a7b-54e1adfb0c6e,1,unqualified,1000,509,11799,8,2024-12-08 05:07:41
8f07ff25-b541-11ef-ad04-54e1adfb0c6e,1,click,1075,961,17183,81,2024-12-07 16:28:16
8f07ffd5-b541-11ef-8899-54e1adfb0c6e,0,unqualified,1107,861,10193,5,2024-12-08 14:36:07
8f080092-b541-11ef-b497-54e1adfb0c6e,1,conversion,1093,915,12961,63,2024-12-08 00:34:01
8f080149-b541-11ef-9819-54e1adfb0c6e,1,conversion,1398,696,13711,57,2024-12-08 03:01:19
8f080200-b541-11ef-b275-54e1adfb0c6e,1,unqualified,1112,530,17211,64,2024-12-08 13:39:47
8f0802ba-b541-11ef-af89-54e1adfb0c6e,0,qualified,1340,534,15771,35,2024-12-08 09:43:31
8f080382-b541-11ef-b2d6-54e1adfb0c6e,0,conversion,1291,922,15863,49,2024-12-07 17:03:19
8f080639-b541-11ef-bd0a-54e1adfb0c6e,1,conversion,1576,529,13188,29,2024-12-08 11:59:58
8f08093c-b541-11ef-9f89-54e1adfb0c6e,1,click,1336,893,16561,100,2024-12-07 19:10:57
8f080b41-b541-11ef-b64c-54e1adfb0c6e,1,click,1527,861,19511,55,2024-12-08 04:58:46
8f080d0e-b541-11ef-bdb5-54e1adfb0c6e,1,unqualified,1019,898,12956,11,2024-12-07 23:24:32
8f080ebc-b541-11ef-8330-54e1adfb0c6e,0,qualified,1914,960,15124,79,2024-12-08 09:06:54
8f0810ab-b541-11ef-825d-54e1adfb0c6e,0,qualified,1906,985,15599,44,2024-12-07 22:10:13
8f08124a-b541-11ef-8ca1-54e1adfb0c6e,0,qualified,1434,955,10048,64,2024-12-08 05:58:28
8f0813f5-b541-11ef-8a7d-54e1adfb0c6e,1,conversion,1616,646,12319,21,2024-12-07 22:14:36
8f081577-b541-11ef-957e-54e1adfb0c6e,1,unqualified,1747,676,19274,82,2024-12-08 06:40:08
8f0816f9-b541-11ef-a6b9-54e1adfb0c6e,1,qualified,1807,767,18761,84,2024-12-08 09:47:28
8f081860-b541-11ef-a691-54e1adfb0c6e,1,unqualified,1202,984,17530,59,2024-12-08 09:47:37
8f0819d4-b541-11ef-99b7-54e1adfb0c6e,1,click,1099,514,15118,47,2024-12-07 21:36:07
8f081b45-b541-11ef-97ee-54e1adfb0c6e,1,unqualified,1237,894,10094,100,2024-12-08 06:57:14
8f081cb3-b541-11ef-96a1-54e1adfb0c6e,1,qualified,1592,667,16731,37,2024-12-08 12:54:40
8f081e21-b541-11ef-8aae-54e1adfb0c6e,0,unqualified,1321,647,14157,80,2024-12-08 12:59:04
8f082270-b541-11ef-a8e1-54e1adfb0c6e,1,click,1986,789,15619,39,2024-12-08 00:01:20
8f082a1c-b541-11ef-b07d-54e1adfb0c6e,1,unqualified,1092,718,12925,100,2024-12-08 02:26:35
8f082dbb-b541-11ef-bc69-54e1adfb0c6e,0,unqualified,1923,851,14563,82,2024-12-07 16:43:17
8f082ef4-b541-11ef-92cb-54e1adfb0c6e,1,qualified,1724,583,13785,39,2024-12-08 12:35:30
8f082ff8-b541-11ef-aed4-54e1adfb0c6e,0,unqualified,1813,847,16739,22,2024-12-07 21:47:31
8f0830f5-b541-11ef-9a5d-54e1adfb0c6e,1,unqualified,1419,945,16244,76,2024-12-08 12:33:40
8f0831ed-b541-11ef-9850-54e1adfb0c6e,1,conversion,1151,537,16543,59,2024-12-07 22:55:07
8f0832f0-b541-11ef-9292-54e1adfb0c6e,0,click,1728,978,14887,63,2024-12-08 06:30:07
8f0833ec-b541-11ef-a5aa-54e1adfb0c6e,1,unqualified,1651,550,19358,72,2024-12-08 05:58:25
8f0834e7-b541-11ef-8fe8-54e1adfb0c6e,1,conversion,1932,593,18807,13,2024-12-07 23:51:52
8f0835ed-b541-11ef-9c85-54e1adfb0c6e,1,qualified,1803,578,19631,51,2024-12-08 14:50:10
8f083728-b541-11ef-a2bd-54e1adfb0c6e,0,conversion,1373,624,13003,8,2024-12-08 14:40:24
8f0837f0-b541-11ef-9791-54e1adfb0c6e,1,click,1588,794,17161,34,2024-12-08 14:35:43
8f0838a5-b541-11ef-a77f-54e1adfb0c6e,0,conversion,1574,739,16314,54,2024-12-07 21:52:06
8f083957-b541-11ef-8d48-54e1adfb0c6e,1,qualified,1212,577,10826,96,2024-12-08 12:29:51
8f083a03-b541-11ef-bbc4-54e1adfb0c6e,1,qualified,1017,819,17038,24,2024-12-08 11:48:24
8f083ab2-b541-11ef-b330-54e1adfb0c6e,0,unqualified,1593,941,19270,39,2024-12-08 05:19:08
8f083b5d-b541-11ef-8c9b-54e1adfb0c6e,1,unqualified,1364,955,14981,96,2024-12-08 11:48:43
8f083c06-b541-11ef-93ae-54e1adfb0c6e,0,qualified,1663,664,16166,62,2024-12-08 07:10:00
8f083cb7-b541-11ef-b867-54e1adfb0c6e,0,click,1855,667,18258,58,2024-12-08 05:53:06
8f083d7a-b541-11ef-ba3a-54e1adfb0c6e,0,conversion,1346,967,16721,17,2024-12-08 14:13:36
8f083eea-b541-11ef-88ef-54e1adfb0c6e,0,conversion,1065,541,14919,69,2024-12-08 12:28:10
8f084014-b541-11ef-a35c-54e1adfb0c6e,1,click,1269,653,10721,6,2024-12-08 12:24:35
8f0840dc-b541-11ef-a582-54e1adfb0c6e,0,unqualified,1265,625,19596,51,2024-12-08 03:21:59
8f08419b-b541-11ef-9c32-54e1adfb0c6e,1,conversion,1552,745,19223,11,2024-12-07 19:12:29
8f084263-b541-11ef-ab6d-54e1adfb0c6e,0,qualified,1061,841,11674,90,2024-12-07 23:03:23
8f084454-b541-11ef-b7c5-54e1adfb0c6e,1,conversion,1092,993,12396,44,2024-12-07 19:47:15
8f0845d5-b541-11ef-8326-54e1adfb0c6e,1,qualified,1399,511,10642,71,2024-12-07 20:42:04
8f08474c-b541-11ef-82e7-54e1adfb0c6e,1,click,1461,887,10036,19,2024-12-08 04:45:03
8f0848bc-b541-11ef-a399-54e1adfb0c6e,0,click,1094,687,11751,53,2024-12-07 23:48:28
8f084a44-b541-11ef-a366-54e1adfb0c6e,0,click,1961,762,10126,45,2024-12-08 00:05:32
8f084be1-b541-11ef-8377-54e1adfb0c6e,1,click,1427,962,15308,76,2024-12-07 17:04:46
8f084d5e-b541-11ef-ac5d-54e1adfb0c6e,0,click,1063,679,13172,54,2024-12-08 02:06:26
8f084ecd-b541-11ef-8ddb-54e1adfb0c6e,1,qualified,1807,748,14910,71,2024-12-08 04:14:17
8f0850c5-b541-11ef-bde7-54e1adfb0c6e,0,qualified,1242,545,16832,4,2024-12-08 15:47:17
8f085268-b541-11ef-9a43-54e1adfb0c6e,1,qualified,1185,580,18562,70,2024-12-08 05:19:55
8f0853f4-b541-11ef-968c-54e1adfb0c6e,1,unqualified,1044,967,12742,72,2024-12-08 13:11:30
8f08557e-b541-11ef-90c7-54e1adfb0c6e,0,conversion,1177,585,10231,55,2024-12-07 23:39:14
8f0856e4-b541-11ef-89c7-54e1adfb0c6e,1,qualified,1483,700,11903,39,2024-12-07 16:44:05
8f085845-b541-11ef-9492-54e1adfb0c6e,1,click,1996,991,15404,83,2024-12-07 17:04:45
8f0859b7-b541-11ef-be12-54e1adfb0c6e,0,qualified,1887,940,14678,78,2024-12-07 18:39:27
8f085b81-b541-11ef-aa37-54e1adfb0c6e,0,qualified,1949,868,16109,44,2024-12-07 16:03:10
8f085df2-b541-11ef-8904-54e1adfb0c6e,0,qualified,1602,541,10415,14,2024-12-08 10:35:17
8f0860a5-b541-11ef-82f6-54e1adfb0c6e,1,conversion,1132,573,19626,39,2024-12-07 18:36:50
8f08634b-b541-11ef-8b57-54e1adfb0c6e,0,click,1381,700,19171,59,2024-12-07 20:15:56
8f0864a6-b541-11ef-9910-54e1adfb0c6e,0,qualified,1751,981,13359,92,2024-12-08 01:52:50
8f08660c-b541-11ef-9391-54e1adfb0c6e,0,click,1396,948,19113,31,2024-12-08 01:03:49
8f08676c-b541-11ef-94e0-54e1adfb0c6e,1,click,1815,927,16254,41,2024-12-07 16:19:48
8f0868ca-b541-11ef-bf0c-54e1adfb0c6e,0,click,1832,509,11413,6,2024-12-07 18:48:18
8f086a2f-b541-11ef-99ba-54e1adfb0c6e,1,unqualified,1891,963,18909,54,2024-12-08 14:13:19
8f086bbb-b541-11ef-8063-54e1adfb0c6e,0,unqualified,1392,603,14652,42,2024-12-07 20:41:37
8f086d71-b541-11ef-beb0-54e1adfb0c6e,0,unqualified,1440,680,19057,89,2024-12-08 14:50:32
8f086ee4-b541-11ef-9dc1-54e1adfb0c6e,0,qualified,1532,876,19353,8,2024-12-07 19:46:45
8f087044-b541-11ef-8699-54e1adfb0c6e,1,qualified,1466,758,18587,53,2024-12-08 08:52:11
8f0871c7-b541-11ef-98eb-54e1adfb0c6e,1,click,1610,743,18451,18,2024-12-08 13:41:44
8f087325-b541-11ef-bae8-54e1adfb0c6e,1,conversion,1282,919,13451,80,2024-12-07 22:08:50
8f087498-b541-11ef-9d3b-54e1adfb0c6e,0,click,1851,934,10185,14,2024-12-07 23:27:34
8f0875f6-b541-11ef-9b8f-54e1adfb0c6e,0,unqualified,1773,882,12053,40,2024-12-08 00:42:17
8f08774e-b541-11ef-88e8-54e1adfb0c6e,1,conversion,1372,631,17905,3,2024-12-07 19:50:51
8f0878a6-b541-11ef-b7cd-54e1adfb0c6e,1,qualified,1596,629,14618,33,2024-12-08 08:32:09
8f087a0d-b541-11ef-9adf-54e1adfb0c6e,1,click,1152,726,13601,47,2024-12-08 06:08:44
8f087b84-b541-11ef-878c-54e1adfb0c6e,1,conversion,1302,547,19543,30,2024-12-07 18:38:04
8f087ce1-b541-11ef-b7fe-54e1adfb0c6e,1,unqualified,1128,692,18452,96,2024-12-08 02:00:41
8f087e68-b541-11ef-be80-54e1adfb0c6e,1,conversion,1068,668,15724,86,2024-12-07 15:54:48
8f087fe7-b541-11ef-990b-54e1adfb0c6e,0,conversion,1586,748,10844,91,2024-12-08 11:29:27
8f088160-b541-11ef-949b-54e1adfb0c6e,1,unqualified,1347,503,10494,20,2024-12-07 22:15:19
8f0882bd-b541-11ef-8568-54e1adfb0c6e,0,conversion,1474,663,18721,55,2024-12-08 03:57:34
8f088410-b541-11ef-a0a4-54e1adfb0c6e,1,qualified,1852,600,16196,72,2024-12-08 12:33:27
8f08856a-b541-11ef-bfa6-54e1adfb0c6e,0,qualified,1128,542,17002,29,2024-12-08 03:59:19
8f0886e6-b541-11ef-a8ff-54e1adfb0c6e,0,qualified,1639,599,16446,74,2024-12-07 17:32:33
8f088861-b541-11ef-8d7d-54e1adfb0c6e,1,click,1391,680,11338,17,2024-12-08 00:48:18
8f0889bc-b541-11ef-8768-54e1adfb0c6e,1,click,1679,625,12322,25,2024-12-08 12:08:26
8f088b32-b541-11ef-9eb0-54e1adfb0c6e,1,conversion,1370,984,11414,40,2024-12-08 09:50:11
8f088c91-b541-11ef-98c0-54e1adfb0c6e,0,conversion,1668,509,15324,21,2024-12-08 12:18:54
8f088de2-b541-11ef-85de-54e1adfb0c6e,0,unqualified,1681,522,13934,49,2024-12-08 10:39:41
8f088f49-b541-11ef-bd44-54e1adfb0c6e,1,click,1228,638,15290,15,2024-12-07 17:31:43
8f0890ac-b541-11ef-bfcd-54e1adfb0c6e,0,unqualified,1259,709,11562,6,2024-12-08 05:54:46
8f08923c-b541-11ef-a12e-54e1adfb0c6e,1,unqualified,1357,578,15541,60,2024-12-08 02:35:02
8f0893ea-b541-11ef-872c-54e1adfb0c6e,1,unqualified,1807,563,12150,1,2024-12-07 22:53:31
8f089599-b541-11ef-8649-54e1adfb0c6e,0,unqualified,1030,807,16259,85,2024-12-07 21:38:23
8f08978b-b541-11ef-b9b6-54e1adfb0c6e,0,conversion,1871,591,19113,83,2024-12-08 00:19:46
8f08997d-b541-11ef-ac12-54e1adfb0c6e,0,click,1659,991,16459,21,2024-12-08 06:14:08
8f089b74-b541-11ef-8c34-54e1adfb0c6e,0,qualified,1002,981,16923,52,2024-12-07 22:34:54
8f089d73-b541-11ef-a275-54e1adfb0c6e,0,conversion,1286,919,19778,25,2024-12-08 06:21:26
8f089f64-b541-11ef-b608-54e1adfb0c6e,0,qualified,1625,600,12542,66,2024-12-08 12:39:14
8f08a150-b541-11ef-8629-54e1adfb0c6e,1,qualified,1958,642,14392,19,2024-12-07 19:45:55
8f08a370-b541-11ef-8921-54e1adfb0c6e,1,qualified,1443,877,11051,68,2024-12-08 01:01:34
8f08a563-b541-11ef-9897-54e1adfb0c6e,0,conversion,1699,859,11695,42,2024-12-08 12:54:45
8f08a734-b541-11ef-b771-54e1adfb0c6e,1,conversion,1296,713,17010,21,2024-12-08 02:01:04
8f08a8fb-b541-11ef-8d14-54e1adfb0c6e,0,conversion,1357,768,13148,43,2024-12-07 20:58:57
8f08aaba-b541-11ef-bf20-54e1adfb0c6e,1,qualified,1221,507,17216,73,2024-12-08 11:28:12
8f08ac4e-b541-11ef-be4b-54e1adfb0c6e,1,click,1746,689,13294,17,2024-12-07 19:51:15
8f08b0cc-b541-11ef-8572-54e1adfb0c6e,1,click,1375,762,10620,20,2024-12-08 13:13:05
8f08b24c-b541-11ef-a37a-54e1adfb0c6e,0,unqualified,1767,763,14421,4,2024-12-08 12:41:33
8f08b3b4-b541-11ef-b1ea-54e1adfb0c6e,0,click,1201,556,13473,18,2024-12-08 07:15:40
8f08b51e-b541-11ef-9d1f-54e1adfb0c6e,1,qualified,1160,517,16281,14,2024-12-07 20:45:15
8f08b68b-b541-11ef-9eed-54e1adfb0c6e,0,unqualified,1413,971,13930,91,2024-12-08 09:45:02
8f08b7fa-b541-11ef-aa31-54e1adfb0c6e,1,qualified,1949,926,19663,84,2024-12-07 19:28:06
8f08b966-b541-11ef-ab9a-54e1adfb0c6e,1,unqualified,1150,557,10314,84,2024-12-08 05:10:55
8f08bade-b541-11ef-a928-54e1adfb0c6e,1,unqualified,1905,618,17502,81,2024-12-08 05:26:03
8f08bc59-b541-11ef-9bf2-54e1adfb0c6e,1,conversion,1054,985,11839,77,2024-12-08 04:17:43
8f08bde9-b541-11ef-a48b-54e1adfb0c6e,0,unqualified,1602,737,14050,37,2024-12-08 05:22:40
8f08bf6b-b541-11ef-8576-54e1adfb0c6e,1,qualified,1744,794,10039,98,2024-12-08 03:33:44
8f08c0e0-b541-11ef-a68d-54e1adfb0c6e,1,unqualified,1870,962,14613,97,2024-12-07 18:11:44
8f08c25e-b541-11ef-983c-54e1adfb0c6e,1,conversion,1791,698,11489,79,2024-12-08 00:14:17
8f08c523-b541-11ef-98d4-54e1adfb0c6e,1,qualified,1121,624,19708,58,2024-12-08 12:20:22
8f08c6e9-b541-11ef-a7fe-54e1adfb0c6e,1,click,1955,874,16636,76,2024-12-08 03:50:11
8f08c941-b541-11ef-abd1-54e1adfb0c6e,0,conversion,1161,661,15570,93,2024-12-07 17:31:56
8f08caf8-b541-11ef-94d5-54e1adfb0c6e,0,conversion,1008,927,17861,97,2024-12-07 19:43:21
8f08cc93-b541-11ef-b9b4-54e1adfb0c6e,0,qualified,1874,772,14864,29,2024-12-08 04:27:13
8f08cdfd-b541-11ef-bc56-54e1adfb0c6e,1,qualified,1362,722,15190,43,2024-12-08 03:15:49
8f08cf56-b541-11ef-bdc9-54e1adfb0c6e,0,conversion,1083,515,17002,95,2024-12-07 17:49:37
8f08d0b2-b541-11ef-a1e7-54e1adfb0c6e,1,click,1464,615,10780,84,2024-12-07 22:41:33
8f08d225-b541-11ef-937a-54e1adfb0c6e,1,click,1198,880,12901,17,2024-12-08 04:16:19
8f08d496-b541-11ef-8b0d-54e1adfb0c6e,1,click,1602,981,13872,54,2024-12-07 21:51:12
8f08d649-b541-11ef-9bcd-54e1adfb0c6e,0,unqualified,1119,800,18878,21,2024-12-08 01:09:11
8f08d81d-b541-11ef-8cad-54e1adfb0c6e,1,conversion,1299,981,19265,12,2024-12-08 11:01:59
8f08da01-b541-11ef-904b-54e1adfb0c6e,0,qualified,1799,877,10221,13,2024-12-08 15:22:28
8f08dba9-b541-11ef-b629-54e1adfb0c6e,0,unqualified,1533,995,14114,44,2024-12-08 00:17:22
8f08dd5e-b541-11ef-8d15-54e1adfb0c6e,0,conversion,1088,932,11685,75,2024-12-07 22:11:44
8f08ded3-b541-11ef-82bf-54e1adfb0c6e,0,qualified,1665,979,13265,79,2024-12-08 08:46:14
8f08e048-b541-11ef-a1f9-54e1adfb0c6e,1,unqualified,1871,764,12834,98,2024-12-08 13:56:06
8f08e1b6-b541-11ef-b46f-54e1adfb0c6e,0,click,1985,535,16913,12,2024-12-08 15:27:50
8f08e34e-b541-11ef-9d08-54e1adfb0c6e,1,conversion,1083,754,14508,64,2024-12-07 17:08:44
8f08e4bb-b541-11ef-af08-54e1adfb0c6e,0,click,1114,807,12161,22,2024-12-08 10:21:52
8f08e63c-b541-11ef-bf7b-54e1adfb0c6e,1,click,1796,634,19763,77,2024-12-08 02:11:16
8f08e7bb-b541-11ef-9b84-54e1adfb0c6e,1,unqualified,1986,581,17840,35,2024-12-07 17:09:43
8f08e930-b541-11ef-82f6-54e1adfb0c6e,0,conversion,1426,735,13725,22,2024-12-08 02:36:34
8f08eac2-b541-11ef-99f5-54e1adfb0c6e,0,unqualified,1212,998,10209,75,2024-12-08 13:06:31
8f08ec9d-b541-11ef-a804-54e1adfb0c6e,1,conversion,1394,610,12421,61,2024-12-07 16:51:46
8f08edfe-b541-11ef-97bd-54e1adfb0c6e,0,conversion,1752,582,12879,76,2024-12-08 11:41:03
8f08ef88-b541-11ef-b486-54e1adfb0c6e,0,conversion,1661,797,16458,85,2024-12-08 10:32:30
8f08f10b-b541-11ef-9db0-54e1adfb0c6e,0,click,1340,621,14726,68,2024-12-08 01:36:00
8f08f2a8-b541-11ef-9269-54e1adfb0c6e,1,qualified,1996,670,16422,21,2024-12-08 08:58:21
8f08f44c-b541-11ef-ad34-54e1adfb0c6e,1,qualified,1648,550,13295,62,2024-12-08 02:32:41
8f08f5e7-b541-11ef-b30b-54e1adfb0c6e,0,qualified,1035,639,17894,19,2024-12-08 15:08:03
8f08f773-b541-11ef-8966-54e1adfb0c6e,1,qualified,1271,683,12945,29,2024-12-08 01:49:47
8f08f90c-b541-11ef-97fc-54e1adfb0c6e,1,unqualified,1898,964,15726,84,2024-12-08 10:51:11
8f08faa4-b541-11ef-bc85-54e1adfb0c6e,1,conversion,1545,620,16333,1,2024-12-08 02:05:06
8f08fc43-b541-11ef-bd1e-54e1adfb0c6e,0,conversion,1672,824,10569,41,2024-12-07 23:08:28
8f08fdcc-b541-11ef-9275-54e1adfb0c6e,0,unqualified,1129,852,15955,54,2024-12-07 18:32:38
8f08ff56-b541-11ef-868c-54e1adfb0c6e,0,unqualified,1724,925,18050,85,2024-12-07 23:09:13
8f0900e4-b541-11ef-acd1-54e1adfb0c6e,1,qualified,1494,638,16927,56,2024-12-08 06:01:27
8f090272-b541-11ef-a1ea-54e1adfb0c6e,1,unqualified,1186,565,18479,79,2024-12-08 09:59:45
8f090405-b541-11ef-a1af-54e1adfb0c6e,1,qualified,1955,670,17923,69,2024-12-07 22:46:58
8f09058c-b541-11ef-b033-54e1adfb0c6e,0,unqualified,1822,960,10733,59,2024-12-07 16:28:33
8f0906ef-b541-11ef-b6c9-54e1adfb0c6e,0,click,1640,824,13906,21,2024-12-07 20:45:49
8f09086b-b541-11ef-b4a6-54e1adfb0c6e,0,conversion,1687,853,14335,7,2024-12-08 02:19:26
8f090a56-b541-11ef-98dc-54e1adfb0c6e,1,click,1688,500,11030,77,2024-12-08 10:51:29
8f090bf4-b541-11ef-9f48-54e1adfb0c6e,0,unqualified,1677,719,17034,60,2024-12-07 23:26:50
8f090d70-b541-11ef-8952-54e1adfb0c6e,1,qualified,1883,924,19381,54,2024-12-08 07:35:07
8f090ee7-b541-11ef-abc6-54e1adfb0c6e,1,qualified,1845,929,19404,46,2024-12-08 02:44:50
8f091079-b541-11ef-8c0e-54e1adfb0c6e,0,click,1111,974,14423,57,2024-12-08 05:17:40
8f09121b-b541-11ef-b47b-54e1adfb0c6e,0,conversion,1096,737,19278,95,2024-12-07 22:14:40
8f0913a7-b541-11ef-9fb1-54e1adfb0c6e,1,unqualified,1696,870,13920,5,2024-12-08 07:38:26
8f091531-b541-11ef-98d8-54e1adfb0c6e,0,unqualified,1534,515,14299,45,2024-12-08 01:07:07
8f0916c6-b541-11ef-9d34-54e1adfb0c6e,1,click,1190,788,17657,32,2024-12-07 21:05:54
8f091853-b541-11ef-8446-54e1adfb0c6e,0,unqualified,1195,593,17345,28,2024-12-08 02:33:31
8f0919e9-b541-11ef-89b8-54e1adfb0c6e,1,unqualified,1476,815,17316,61,2024-12-07 21:59:53
8f091b78-b541-11ef-9fb7-54e1adfb0c6e,1,click,1402,551,17473,6,2024-12-08 03:35:21
8f091d30-b541-11ef-9372-54e1adfb0c6e,0,qualified,1030,880,14126,52,2024-12-08 04:47:17
8f091ee3-b541-11ef-b243-54e1adfb0c6e,1,conversion,1896,631,13505,52,2024-12-08 04:13:56
8f092079-b541-11ef-bf7f-54e1adfb0c6e,0,conversion,1315,637,15273,17,2024-12-07 18:03:41
8f0922eb-b541-11ef-969d-54e1adfb0c6e,0,qualified,1622,773,19249,44,2024-12-08 05:34:32
8f0924a9-b541-11ef-8bb9-54e1adfb0c6e,0,unqualified,1572,926,13774,92,2024-12-08 06:14:32
8f092640-b541-11ef-8624-54e1adfb0c6e,1,conversion,1002,577,14946,52,2024-12-07 18:22:10
8f0927cc-b541-11ef-92a5-54e1adfb0c6e,1,unqualified,1700,648,13015,20,2024-12-07 21:41:05
8f092994-b541-11ef-8780-54e1adfb0c6e,1,qualified,1197,653,15022,41,2024-12-07 20:05:23
8f092b22-b541-11ef-97ca-54e1adfb0c6e,1,click,1878,998,18876,22,2024-12-08 03:37:14
8f092ca6-b541-11ef-a88c-54e1adfb0c6e,0,conversion,1393,699,16562,99,2024-12-08 12:18:16
8f092e1f-b541-11ef-b3ee-54e1adfb0c6e,1,unqualified,1801,903,14627,13,2024-12-08 03:23:51
8f092f91-b541-11ef-a36e-54e1adfb0c6e,0,conversion,1291,609,19232,86,2024-12-07 23:14:04
8f093101-b541-11ef-997a-54e1adfb0c6e,0,qualified,1079,806,17267,76,2024-12-08 11:01:09
8f09327a-b541-11ef-bdcd-54e1adfb0c6e,0,unqualified,1012,919,10736,41,2024-12-07 20:13:44
8f093437-b541-11ef-af3f-54e1adfb0c6e,0,qualified,1869,673,14310,99,2024-12-08 13:22:38
8f0935b2-b541-11ef-aad7-54e1adfb0c6e,0,unqualified,1908,871,10993,23,2024-12-07 23:35:25
8f093723-b541-11ef-864e-54e1adfb0c6e,0,conversion,1770,916,10844,60,2024-12-08 06:25:06
8f0938a3-b541-11ef-8516-54e1adfb0c6e,1,unqualified,1316,545,12868,10,2024-12-08 00:31:03
8f093a26-b541-11ef-9e3d-54e1adfb0c6e,1,unqualified,1932,752,19156,90,2024-12-08 11:33:27
8f093be6-b541-11ef-98ca-54e1adfb0c6e,0,click,1392,867,19927,42,2024-12-07 17:27:12
8f093e85-b541-11ef-b404-54e1adfb0c6e,0,click,1401,935,18683,72,2024-12-07 21:10:26
8f0940af-b541-11ef-9cbf-54e1adfb0c6e,1,unqualified,1822,622,18756,77,2024-12-07 20:35:58
8f0941be-b541-11ef-9ab9-54e1adfb0c6e,0,click,1731,773,12572,10,2024-12-07 16:04:18
8f094294-b541-11ef-843c-54e1adfb0c6e,0,qualified,1584,882,15530,11,2024-12-08 06:27:03
8f094351-b541-11ef-85dd-54e1adfb0c6e,1,unqualified,1620,790,17117,14,2024-12-08 15:44:50
8f09440c-b541-11ef-bf22-54e1adfb0c6e,1,conversion,1700,656,10264,65,2024-12-07 22:24:27
8f0944c7-b541-11ef-8185-54e1adfb0c6e,0,click,1430,553,18111,20,2024-12-07 16:28:21
8f09459a-b541-11ef-bef3-54e1adfb0c6e,1,qualified,1489,672,15792,13,2024-12-08 10:45:20
8f094651-b541-11ef-a10b-54e1adfb0c6e,1,unqualified,1931,808,12314,30,2024-12-08 06:21:37
8f0946fd-b541-11ef-85fb-54e1adfb0c6e,1,qualified,1100,748,14904,13,2024-12-07 23:06:52
